gene_symbol	BRCA	TN-BRCA	nonTN-BRCA	EndoR-BRCA
A1CF	Yes	No	No	Yes
AACS	Yes	No	No	No
AARS2	Yes	No	No	No
AASS	Yes	Yes	Yes	No
AATF	Yes	No	No	No
AATK	No	No	No	Yes
ABCA10	Yes	No	No	No
ABCA2	Yes	Yes	Yes	No
ABCA5	Yes	No	No	No
ABCB5	Yes	No	No	No
ABCC3	Yes	No	No	No
ABCC4	Yes	Yes	No	No
ABCD3	Yes	No	No	No
ABCD4	Yes	Yes	Yes	No
ABCF3	No	Yes	No	No
ABCG1	No	No	Yes	No
ABHD13	No	Yes	No	No
ABHD14A	No	No	Yes	No
ABHD14B	No	No	Yes	No
ABHD15	No	No	Yes	No
ABHD5	No	No	Yes	No
ABHD8	No	No	Yes	No
ABLIM1	Yes	No	No	No
ABR	Yes	No	No	No
ABT1	No	Yes	No	No
ACACB	Yes	No	No	No
ACAD9	No	Yes	No	No
ACKR6	Yes	Yes	Yes	No
ACOT7	No	Yes	No	No
ACOX3	Yes	No	No	No
ACP1	No	Yes	No	No
ACSM1	Yes	Yes	Yes	No
ACSM2B	Yes	Yes	Yes	No
ACTA1	Yes	No	No	No
ACTBL2	Yes	No	No	No
ACTG1	Yes	No	No	No
ACTN1	Yes	No	Yes	No
ACTR3C	No	No	Yes	No
ACTR5	Yes	Yes	Yes	No
ACTRT2	Yes	No	No	No
ACVR1B	Yes	No	No	No
ACVR2A	No	No	Yes	No
ACVR2B	Yes	No	No	No
ADAM17	No	No	Yes	No
ADAMTS10	Yes	No	No	No
ADAMTS15	No	No	Yes	No
ADAMTS16	Yes	No	Yes	No
ADAMTS17	No	No	Yes	No
ADAMTS18	Yes	No	No	No
ADAMTS2	Yes	No	No	No
ADAMTS20	Yes	Yes	Yes	No
ADAMTS3	No	No	Yes	No
ADAMTS5	Yes	No	No	No
ADAMTSL3	Yes	No	Yes	No
ADAMTSL4	No	Yes	No	No
ADCK4	Yes	No	No	No
ADCY1	Yes	No	No	No
ADCY5	Yes	No	No	No
ADCY8	Yes	No	No	No
ADCYAP1	No	No	Yes	No
ADD1	Yes	No	No	No
ADD2	Yes	No	No	No
ADD3	No	No	Yes	No
ADIRF	Yes	Yes	Yes	No
ADM	Yes	No	No	No
ADNP2	Yes	No	No	No
ADRA1A	Yes	No	No	No
ADRA2A	Yes	No	No	No
ADRA2B	Yes	No	No	No
ADRA2C	Yes	Yes	Yes	Yes
ADRBK2	Yes	Yes	Yes	No
AEN	No	No	Yes	No
AFAP1	No	No	Yes	No
AFAP1L2	No	No	Yes	No
AFF1	Yes	No	No	No
AFG3L2	No	Yes	No	No
AGAP1	Yes	No	No	No
AGAP2	Yes	No	No	No
AGK	Yes	No	No	No
AGPAT3	Yes	No	No	No
AHCTF1	No	Yes	No	No
AHNAK	Yes	No	No	No
AHSP	Yes	No	No	No
AIM1	Yes	No	No	No
AIM2	Yes	No	No	No
AIPL1	Yes	No	No	No
AJAP1	Yes	No	No	No
AK4	Yes	No	Yes	No
AKAP13	No	No	Yes	No
AKNA	Yes	No	No	No
AKR1B1	No	No	Yes	No
AKT1	Yes	No	No	No
AKTIP	Yes	No	No	No
ALDH4A1	Yes	Yes	Yes	No
ALDH9A1	No	Yes	No	No
ALG10	Yes	No	No	No
ALG2	No	Yes	No	No
ALG3	No	Yes	No	No
ALK	No	No	Yes	No
ALKBH3	No	Yes	No	No
ALOX12B	No	Yes	No	No
ALOX15	Yes	No	No	No
ALOXE3	No	Yes	No	No
ALPK1	Yes	Yes	Yes	No
ALX4	Yes	Yes	Yes	No
AMIGO2	No	No	Yes	No
AMPD3	Yes	No	No	No
ANAPC10	No	Yes	No	No
ANAPC2	No	Yes	No	No
ANGPT4	Yes	No	No	No
ANGPTL4	Yes	Yes	Yes	No
ANK1	Yes	Yes	Yes	No
ANKK1	Yes	No	No	No
ANKRD13B	Yes	Yes	Yes	No
ANKRD20A1	Yes	No	No	No
ANO1	Yes	Yes	Yes	No
ANO8	No	Yes	No	No
ANP32B	No	No	Yes	No
ANP32E	No	Yes	No	Yes
ANXA5	Yes	Yes	Yes	No
AP1S1	No	Yes	No	No
AP2S1	Yes	Yes	No	No
AP4E1	No	No	Yes	No
AP4M1	Yes	No	No	No
AP5B1	Yes	Yes	Yes	No
AP5M1	Yes	No	No	No
APAF1	No	No	Yes	No
APBA1	Yes	Yes	Yes	No
APBB1IP	Yes	No	No	No
APC2	Yes	No	No	No
APCDD1	No	No	Yes	No
APCS	Yes	No	No	No
APH1B	No	Yes	No	No
APLP2	Yes	No	No	No
APOB	Yes	No	No	No
APP	No	No	Yes	No
AQP12A	No	Yes	No	No
AQP8	Yes	Yes	Yes	No
ARAP2	No	Yes	No	No
ARAP3	Yes	No	No	No
ARC	Yes	No	Yes	No
ARF5	No	No	Yes	No
ARFGEF2	No	Yes	No	No
ARHGAP12	No	Yes	No	No
ARHGAP20	Yes	Yes	Yes	No
ARHGAP21	No	No	Yes	No
ARHGAP22	Yes	No	No	No
ARHGAP23	No	No	Yes	No
ARHGAP27	Yes	No	No	No
ARHGAP28	Yes	No	No	No
ARHGAP35	Yes	Yes	No	No
ARHGAP44	Yes	No	No	No
ARHGAP8	No	No	Yes	No
ARHGEF1	No	Yes	Yes	No
ARHGEF10L	No	No	Yes	No
ARHGEF11	No	Yes	No	No
ARHGEF12	Yes	No	No	No
ARHGEF16	Yes	No	No	No
ARHGEF17	Yes	No	No	No
ARHGEF2	No	No	Yes	No
ARHGEF37	Yes	No	No	Yes
ARID1A	Yes	No	No	No
ARID1B	No	No	Yes	No
ARID5A	Yes	Yes	No	No
ARID5B	Yes	No	No	No
ARL15	No	No	Yes	No
ARL3	No	Yes	No	No
ARL4A	No	Yes	No	No
ARL4C	No	No	Yes	Yes
ARL6IP6	No	No	Yes	No
ARL8A	Yes	Yes	Yes	No
ARL8B	No	No	Yes	No
ARL9	No	No	Yes	Yes
ARMC10	No	Yes	No	No
ARNT2	Yes	No	No	No
ARNTL	No	No	Yes	No
ARPC2	Yes	No	No	No
ARPC5L	No	Yes	No	No
ARPP19	Yes	Yes	Yes	No
ARRB1	Yes	No	No	No
ARRDC1	No	No	Yes	No
ARRDC4	Yes	No	No	No
ARV1	Yes	Yes	Yes	No
ASAP1	Yes	No	No	No
ASAP2	No	Yes	No	No
ASB18	No	Yes	No	No
ASCL1	No	No	Yes	Yes
ASCL2	No	Yes	No	No
ASCL4	Yes	No	No	No
ASF1B	No	Yes	No	No
ASIC4	Yes	No	No	No
ASNS	Yes	No	No	No
ASPH	Yes	No	No	No
ASS1	No	No	No	Yes
ASTN2	No	No	Yes	No
ASXL1	Yes	Yes	No	No
ASXL3	No	No	Yes	No
ATAD2B	Yes	No	No	No
ATAD3C	Yes	No	No	No
ATF3	Yes	No	No	No
ATF4	No	No	Yes	No
ATG7	No	No	Yes	No
ATHL1	No	Yes	No	Yes
ATL2	No	No	Yes	No
ATM	Yes	No	No	No
ATN1	Yes	No	No	No
ATOH1	No	No	Yes	No
ATOH8	Yes	Yes	Yes	No
ATP10A	Yes	No	No	No
ATP11A	Yes	No	No	No
ATP11B	No	Yes	No	No
ATP12A	Yes	No	No	No
ATP13A2	No	No	Yes	No
ATP13A3	No	Yes	No	No
ATP1A3	Yes	Yes	No	No
ATP1B1	No	No	Yes	No
ATP2A3	Yes	No	No	No
ATP5D	Yes	No	No	No
ATP5E	No	Yes	No	No
ATP5EP2	Yes	Yes	Yes	No
ATP5J	No	No	Yes	No
ATP6V0C	No	No	Yes	No
ATP6V0E2	Yes	No	Yes	No
ATP6V1A	No	Yes	No	No
ATP6V1B1	No	Yes	No	No
ATP8B3	Yes	No	No	No
ATP9A	No	No	Yes	No
ATPIF1	No	Yes	No	No
ATRAID	No	Yes	No	No
ATXN10	Yes	Yes	Yes	No
ATXN2	Yes	Yes	Yes	No
ATXN7	Yes	Yes	Yes	No
AUH	No	No	Yes	No
AURKA	Yes	No	No	No
AURKB	Yes	Yes	Yes	No
AVPR1A	Yes	Yes	Yes	No
AXIN2	No	No	No	Yes
B3GALNT1	Yes	Yes	Yes	No
B3GALT5	Yes	No	No	No
B3GAT1	Yes	No	No	No
B3GAT2	Yes	No	No	No
B3GNT5	Yes	Yes	Yes	No
B4GALNT3	Yes	No	No	No
B4GALT7	No	Yes	No	No
BAAT	Yes	No	No	No
BACE2	No	No	Yes	No
BAI1	Yes	Yes	Yes	No
BAI3	Yes	No	No	No
BAIAP2	No	No	No	Yes
BAIAP2L1	No	No	Yes	No
BAIAP3	Yes	Yes	Yes	No
BAMBI	No	No	No	Yes
BARD1	No	No	Yes	No
BARHL1	Yes	No	No	No
BARHL2	Yes	Yes	Yes	No
BARX1	Yes	No	No	No
BARX2	Yes	No	No	No
BATF3	Yes	No	No	No
BAZ2B	No	Yes	No	No
BBC3	No	Yes	Yes	No
BBOX1	Yes	Yes	Yes	No
BBS7	No	Yes	No	No
BCAN	No	Yes	Yes	No
BCAR1	No	No	Yes	No
BCL11A	Yes	No	No	No
BCL11B	Yes	No	No	No
BCL2L11	Yes	Yes	Yes	No
BCL3	No	Yes	No	No
BCL6	Yes	No	No	No
BCL6B	Yes	No	No	No
BCL7A	Yes	No	No	No
BCOR	Yes	Yes	Yes	No
BCR	Yes	Yes	Yes	No
BDNF	No	No	Yes	No
BEND5	Yes	No	No	No
BHLHA9	Yes	No	No	No
BHLHE22	Yes	No	Yes	No
BHLHE23	Yes	Yes	No	No
BHLHE40	Yes	No	Yes	No
BICC1	No	No	Yes	No
BICD2	Yes	Yes	Yes	No
BIN3	Yes	No	No	No
BIRC7	Yes	Yes	No	No
BLCAP	Yes	No	No	No
BLK	Yes	No	No	No
BLOC1S5-TXNDC5	Yes	Yes	No	No
BMF	Yes	No	No	No
BMI1	Yes	No	Yes	No
BMP1	Yes	No	No	No
BMP2	Yes	Yes	Yes	No
BMP6	Yes	No	No	No
BMP7	Yes	Yes	Yes	No
BMP8A	Yes	Yes	Yes	No
BMP8B	Yes	No	No	No
BMS1	Yes	No	No	No
BNC1	Yes	No	No	No
BNIP1	Yes	No	No	No
BNIP3	Yes	Yes	Yes	No
BNIP3L	Yes	No	No	No
BOC	No	No	Yes	No
BOK	Yes	No	No	No
BOLL	No	No	Yes	No
BRD1	Yes	No	No	No
BRI3	No	No	Yes	No
BRICD5	Yes	No	No	No
BRMS1	Yes	No	No	No
BTAF1	Yes	No	No	No
BTBD2	Yes	No	No	No
BTG2	No	Yes	No	No
BTG3	No	No	Yes	No
BTNL9	Yes	No	No	No
BUD13	Yes	No	No	No
C10orf105	Yes	Yes	Yes	No
C10orf11	Yes	Yes	Yes	Yes
C10orf129	Yes	No	No	No
C10orf137	Yes	No	No	No
C10orf35	No	Yes	No	No
C11orf44	No	No	Yes	No
C11orf58	Yes	Yes	Yes	Yes
C11orf92	Yes	Yes	Yes	No
C12orf5	Yes	No	No	No
C12orf57	Yes	No	No	No
C12orf65	No	No	Yes	Yes
C12orf68	Yes	No	No	No
C14orf132	Yes	No	No	No
C14orf37	No	No	Yes	No
C15orf60	Yes	No	No	No
C17orf75	Yes	Yes	Yes	No
C18orf8	Yes	Yes	Yes	No
C19orf10	No	Yes	No	No
C19orf24	Yes	No	No	No
C19orf26	Yes	No	No	No
C19orf77	Yes	No	No	No
C1QL1	Yes	Yes	Yes	No
C1QL2	Yes	Yes	Yes	No
C1QTNF9	Yes	No	No	No
C1orf174	Yes	No	No	No
C1orf191	No	No	Yes	No
C1orf61	No	No	Yes	No
C1orf87	No	Yes	No	No
C1orf95	No	Yes	No	No
C21orf62	No	No	Yes	No
C21orf67	Yes	Yes	Yes	No
C2CD2	No	Yes	No	No
C2CD4A	No	No	Yes	No
C2CD4B	Yes	No	No	No
C2orf49	Yes	No	No	No
C2orf88	No	No	Yes	No
C3orf33	Yes	No	No	No
C4orf6	No	Yes	No	No
C5orf20	Yes	No	No	No
C5orf38	Yes	Yes	Yes	No
C7orf13	Yes	Yes	Yes	No
C7orf72	Yes	No	No	No
C8orf44-SGK3	No	Yes	No	No
C8orf49	Yes	No	No	No
C9orf156	Yes	No	No	No
C9orf3	No	No	Yes	No
C9orf69	Yes	Yes	Yes	No
C9orf96	No	Yes	No	No
CA12	No	Yes	No	No
CA4	Yes	Yes	Yes	No
CAB39	No	Yes	No	No
CABLES1	No	Yes	No	No
CACHD1	No	No	Yes	No
CACNA1A	No	Yes	No	No
CACNA1C	No	No	Yes	No
CACNA1E	Yes	No	No	No
CACNA1G	Yes	Yes	Yes	No
CACNA1I	No	Yes	No	No
CACNB1	No	Yes	No	No
CACNG3	Yes	Yes	Yes	No
CACNG4	No	Yes	No	No
CACNG6	Yes	Yes	No	No
CACNG7	Yes	No	No	No
CACNG8	Yes	Yes	No	No
CACUL1	Yes	Yes	No	No
CACYBP	No	Yes	No	No
CADM3	Yes	No	No	No
CADM4	No	No	Yes	No
CADPS	No	No	Yes	No
CALCA	No	No	No	Yes
CALM1	No	Yes	No	No
CALML5	Yes	No	No	No
CALN1	Yes	No	No	No
CALR	No	Yes	No	No
CALU	Yes	No	No	No
CALY	Yes	Yes	Yes	No
CAMK2B	No	Yes	Yes	No
CAMKMT	Yes	No	No	No
CAMTA1	Yes	No	No	No
CAND1	Yes	Yes	No	No
CAP1	Yes	No	No	No
CAPN1	Yes	No	No	No
CAPN10	No	Yes	No	No
CAPN11	Yes	No	No	No
CAPN13	No	Yes	No	No
CAPZA2	No	No	Yes	No
CARF	No	Yes	No	No
CARM1	No	No	Yes	No
CASP16	Yes	No	No	No
CATSPER3	Yes	No	No	No
CATSPERB	Yes	No	No	No
CAV3	Yes	No	No	No
CBFA2T3	Yes	Yes	Yes	No
CBLN1	Yes	No	No	No
CBLN2	Yes	No	No	No
CBLN4	Yes	No	No	No
CBR4	No	No	Yes	No
CBX1	Yes	No	No	No
CBX4	Yes	Yes	Yes	No
CBX8	Yes	No	Yes	No
CC2D1B	Yes	No	No	No
CCBE1	No	Yes	No	No
CCBL1	Yes	Yes	Yes	No
CCDC105	Yes	No	No	No
CCDC106	No	No	Yes	No
CCDC14	Yes	No	No	No
CCDC180	Yes	No	No	Yes
CCDC41	No	Yes	No	No
CCDC78	No	Yes	No	No
CCDC85B	No	No	Yes	No
CCDC85C	Yes	Yes	Yes	No
CCDC90B	No	Yes	No	No
CCDC91	Yes	No	No	No
CCNC	Yes	No	No	No
CCND2	Yes	No	No	No
CCNF	No	Yes	No	No
CCNG2	Yes	No	No	No
CCNI2	Yes	No	No	No
CCNJ	No	No	Yes	No
CCNK	Yes	Yes	Yes	No
CCSAP	Yes	Yes	No	No
CCT5	No	Yes	No	No
CCT7	No	No	Yes	No
CCT8L2	No	No	Yes	No
CD151	Yes	No	No	No
CD1C	Yes	No	No	No
CD1D	Yes	No	No	Yes
CD207	Yes	Yes	Yes	No
CD226	Yes	No	No	No
CD300A	Yes	No	No	No
CD34	Yes	Yes	Yes	No
CD38	No	No	Yes	No
CD46	Yes	Yes	Yes	No
CD48	Yes	No	No	No
CD5	Yes	No	No	No
CD59	Yes	No	No	No
CD5L	Yes	No	No	No
CD80	No	Yes	No	No
CD82	Yes	No	Yes	No
CD9	Yes	Yes	Yes	Yes
CD99	Yes	No	No	No
CDA	Yes	No	No	No
CDC34	Yes	Yes	No	No
CDC37	Yes	Yes	Yes	No
CDC42	No	No	Yes	No
CDC42BPG	Yes	Yes	No	No
CDC42EP2	Yes	No	No	No
CDC42EP4	Yes	No	No	No
CDCA2	Yes	No	No	No
CDCA8	Yes	Yes	Yes	No
CDH1	Yes	No	No	No
CDH13	Yes	No	No	No
CDH2	No	No	Yes	No
CDH20	No	No	No	Yes
CDH22	Yes	No	No	No
CDH26	Yes	No	No	No
CDH4	Yes	Yes	Yes	No
CDH8	Yes	No	No	No
CDHR2	No	Yes	No	No
CDHR4	No	No	Yes	No
CDIP1	No	No	Yes	No
CDK12	Yes	Yes	No	No
CDK19	No	Yes	No	No
CDK2AP1	No	No	Yes	Yes
CDK5	Yes	No	No	No
CDK5R2	Yes	Yes	No	No
CDK9	Yes	No	No	No
CDKL1	No	Yes	No	No
CDKN2A	Yes	Yes	Yes	No
CDKN2B	Yes	No	No	No
CDX2	Yes	Yes	Yes	No
CEBPA	Yes	Yes	Yes	No
CEBPG	Yes	Yes	Yes	No
CECR5	No	No	Yes	No
CEL	Yes	Yes	Yes	No
CELF2	Yes	No	Yes	No
CELF3	Yes	No	No	No
CELF4	Yes	No	No	No
CELSR1	No	No	Yes	Yes
CENPN	Yes	No	No	No
CEP170	Yes	No	No	No
CEP19	No	Yes	No	No
CEP57	No	No	Yes	No
CEP72	Yes	No	No	No
CEP85L	No	No	Yes	No
CERS1	Yes	No	No	No
CERS3	No	No	Yes	No
CHAC1	Yes	No	No	No
CHAT	Yes	No	No	No
CHCHD2	Yes	No	No	No
CHCHD6	No	Yes	Yes	No
CHCHD7	No	Yes	No	No
CHD1	Yes	No	No	No
CHD2	Yes	Yes	Yes	No
CHD5	Yes	Yes	No	No
CHD6	Yes	No	No	No
CHERP	No	No	Yes	No
CHI3L2	No	No	Yes	No
CHKA	Yes	Yes	Yes	No
CHL1	Yes	No	No	No
CHMP6	No	No	Yes	No
CHN2	Yes	No	Yes	No
CHORDC1	No	Yes	No	No
CHRAC1	No	Yes	No	No
CHRD	Yes	Yes	Yes	No
CHRM1	No	No	Yes	No
CHRM2	No	No	Yes	No
CHRM3	Yes	Yes	Yes	No
CHRM4	Yes	Yes	Yes	No
CHRM5	Yes	No	Yes	No
CHRNB2	Yes	No	No	No
CHST1	No	Yes	No	No
CHST11	Yes	Yes	Yes	No
CHST15	Yes	Yes	Yes	No
CHST2	No	No	Yes	No
CHST8	No	Yes	No	No
CHST9	No	No	Yes	No
CHSY1	Yes	No	No	No
CIDEB	Yes	No	No	No
CIITA	Yes	No	No	Yes
CIRH1A	No	No	Yes	No
CISD3	No	No	No	Yes
CISH	Yes	No	No	Yes
CITED4	No	Yes	No	No
CKM	Yes	No	No	No
CLCF1	Yes	Yes	Yes	No
CLCN2	No	No	Yes	No
CLCN4	No	No	Yes	No
CLDN18	Yes	Yes	Yes	No
CLDN19	Yes	No	No	No
CLDN22	Yes	No	No	No
CLDN6	No	Yes	No	No
CLDN7	Yes	No	No	No
CLEC11A	Yes	Yes	Yes	No
CLEC14A	Yes	No	No	No
CLEC19A	No	Yes	No	No
CLIC3	Yes	No	No	No
CLIC4	Yes	Yes	No	No
CLIC6	Yes	Yes	Yes	No
CLIP2	No	Yes	Yes	No
CLK3	No	No	Yes	No
CLK4	No	No	Yes	No
CLMN	No	Yes	No	No
CLSTN1	No	Yes	No	No
CLTCL1	No	No	Yes	No
CLUAP1	No	Yes	No	No
CLUH	Yes	No	No	No
CLVS1	Yes	No	Yes	No
CLYBL	Yes	No	Yes	No
CMAS	No	Yes	No	No
CMC1	No	No	Yes	No
CMC2	Yes	No	No	No
CMIP	Yes	No	No	No
CMKLR1	Yes	No	No	No
CMTM7	No	No	Yes	No
CMTM8	No	No	Yes	No
CNDP1	Yes	Yes	Yes	No
CNDP2	Yes	Yes	Yes	No
CNEP1R1	Yes	Yes	Yes	No
CNN2	No	No	Yes	No
CNOT11	Yes	No	No	No
CNOT8	No	Yes	No	No
CNR1	Yes	No	No	No
CNTD2	Yes	Yes	Yes	No
CNTN2	No	No	Yes	No
CNTNAP5	Yes	No	No	No
CNTRL	No	No	Yes	No
COA6	No	Yes	No	No
COBL	Yes	No	No	No
COG1	Yes	No	No	No
COG2	No	No	Yes	No
COL11A1	Yes	No	No	No
COL12A1	Yes	Yes	Yes	Yes
COL14A1	No	No	Yes	No
COL18A1	Yes	No	No	No
COL1A1	Yes	Yes	Yes	No
COL22A1	Yes	Yes	Yes	No
COL23A1	No	No	Yes	No
COL24A1	No	Yes	No	No
COL27A1	Yes	Yes	Yes	No
COL3A1	No	No	Yes	No
COL4A1	Yes	No	No	No
COL4A2	Yes	No	No	No
COL5A1	Yes	No	No	No
COL5A3	Yes	No	No	No
COL6A1	Yes	No	No	No
COL6A2	No	No	Yes	No
COL6A5	Yes	No	No	No
COL6A6	Yes	No	No	No
COL9A2	Yes	Yes	Yes	No
COL9A3	Yes	Yes	Yes	No
COLGALT2	Yes	No	No	No
COMMD10	Yes	No	No	No
COMMD3	Yes	No	No	No
COMMD5	No	No	Yes	No
COMMD7	Yes	Yes	No	No
COMTD1	Yes	No	No	No
COQ5	Yes	Yes	No	No
CORIN	Yes	Yes	Yes	No
CORO2B	No	Yes	No	No
CORO6	Yes	Yes	Yes	No
CORO7-PAM16	Yes	Yes	Yes	No
COTL1	Yes	No	No	No
COX20	No	Yes	No	No
COX5A	No	Yes	No	No
CPD	No	No	Yes	No
CPEB3	Yes	No	No	No
CPED1	Yes	No	No	No
CPLX1	Yes	Yes	No	No
CPN2	Yes	Yes	Yes	No
CPXM1	Yes	Yes	Yes	No
CPXM2	Yes	No	No	No
CPZ	Yes	No	No	Yes
CRADD	Yes	No	No	No
CRAT	Yes	Yes	Yes	No
CREB1	No	Yes	No	No
CREB3L1	Yes	No	No	No
CREB5	No	No	Yes	No
CREBRF	No	No	Yes	No
CRIM1	Yes	Yes	Yes	No
CRIP1	Yes	Yes	Yes	No
CRIP2	Yes	No	No	No
CRISPLD1	Yes	No	No	No
CRLF1	Yes	No	No	No
CRLF2	Yes	No	No	No
CRMP1	Yes	No	No	No
CRNKL1	No	Yes	No	No
CROCC	Yes	Yes	Yes	No
CRP	Yes	No	No	No
CRTAC1	Yes	No	No	No
CRTC1	Yes	Yes	Yes	No
CRY2	No	Yes	No	No
CRYBA2	Yes	No	No	No
CSE1L	No	Yes	No	No
CSF3R	Yes	Yes	Yes	No
CSMD2	Yes	No	No	No
CSRNP3	Yes	No	No	No
CSRP1	Yes	Yes	Yes	No
CST7	Yes	No	No	No
CTAGE1	No	Yes	No	No
CTBP1	Yes	No	No	No
CTBP2	Yes	No	No	No
CTC1	Yes	Yes	Yes	No
CTCFL	Yes	Yes	Yes	Yes
CTDSP1	Yes	No	No	No
CTDSPL	Yes	No	Yes	No
CTIF	No	No	Yes	No
CTRB1	No	No	Yes	No
CTRC	Yes	No	No	Yes
CTSA	No	No	Yes	No
CTSC	Yes	No	No	No
CTSH	No	No	Yes	No
CTSL	Yes	Yes	Yes	No
CTSV	Yes	No	No	Yes
CTU2	Yes	No	No	No
CTXN1	Yes	No	No	No
CUL1	Yes	No	No	Yes
CUX2	Yes	Yes	No	No
CWH43	Yes	No	No	No
CXCL12	Yes	Yes	Yes	No
CXCL14	Yes	No	No	No
CXCL2	No	No	Yes	No
CXCR4	Yes	No	No	Yes
CXXC5	Yes	Yes	Yes	Yes
CYB5A	Yes	Yes	Yes	No
CYBRD1	No	Yes	No	No
CYC1	No	Yes	No	No
CYP19A1	No	No	Yes	No
CYP1A1	No	Yes	No	No
CYP1B1	Yes	Yes	Yes	No
CYP26A1	Yes	Yes	Yes	No
CYP26C1	Yes	Yes	Yes	No
CYP2E1	Yes	Yes	Yes	No
CYP46A1	Yes	Yes	Yes	No
CYR61	Yes	Yes	Yes	No
CYTL1	Yes	No	No	No
DAB2IP	Yes	No	No	Yes
DACH1	No	No	Yes	No
DAD1	No	Yes	No	No
DAGLA	No	Yes	No	No
DAP	No	Yes	No	No
DAPK1	Yes	Yes	Yes	No
DAPK2	Yes	No	No	No
DARC	Yes	No	No	No
DBI	No	No	Yes	No
DBN1	Yes	No	No	No
DBNDD2	Yes	No	No	No
DBP	Yes	No	No	No
DBX1	Yes	No	No	No
DBX2	Yes	No	No	No
DCAF12	No	Yes	No	No
DCAF16	Yes	No	No	No
DCAF8	No	Yes	No	No
DCC	No	No	Yes	No
DCHS1	No	Yes	No	No
DCP2	Yes	No	No	No
DCPS	Yes	No	No	No
DCST2	Yes	No	No	No
DCTD	Yes	No	No	No
DCTN2	Yes	No	No	No
DDIT4	No	No	Yes	No
DDN	Yes	No	No	No
DDR1	Yes	No	No	No
DDX20	No	No	Yes	No
DDX51	Yes	No	No	No
DEAF1	No	No	Yes	Yes
DEFA5	Yes	No	No	No
DEFB112	Yes	No	No	No
DEFB115	Yes	No	No	No
DEFB116	Yes	No	No	No
DEFB118	Yes	No	No	No
DEFB119	Yes	No	No	No
DEFB121	Yes	No	No	No
DEGS2	Yes	No	No	No
DENND2D	No	No	Yes	No
DENND3	Yes	No	No	No
DENR	No	Yes	No	No
DET1	No	No	Yes	No
DFNB31	Yes	No	No	No
DFNB59	No	Yes	No	No
DGAT1	Yes	No	No	No
DGCR2	Yes	No	No	No
DGKE	Yes	No	No	No
DGKG	Yes	No	No	No
DGKZ	Yes	No	No	No
DGUOK	Yes	Yes	Yes	No
DHCR7	No	Yes	No	No
DHRS13	Yes	No	No	No
DHRS3	Yes	Yes	Yes	No
DHRS4	Yes	No	No	No
DHRS4L2	Yes	No	No	No
DHX34	No	Yes	No	No
DHX36	No	No	Yes	No
DHX37	No	Yes	No	No
DHX9	No	Yes	No	No
DIEXF	Yes	Yes	No	No
DIO3	Yes	No	No	No
DIP2A	No	No	Yes	No
DIXDC1	Yes	No	No	No
DKK2	No	No	Yes	No
DKK3	No	No	Yes	No
DLAT	Yes	No	No	No
DLC1	Yes	No	No	No
DLEU1	Yes	Yes	Yes	No
DLG5	Yes	Yes	Yes	No
DLGAP1	Yes	No	Yes	No
DLGAP3	No	Yes	No	No
DLGAP4	Yes	No	No	No
DLL4	Yes	No	No	No
DLX1	No	Yes	No	No
DLX2	Yes	Yes	Yes	No
DLX3	Yes	No	No	No
DLX5	Yes	No	No	No
DLX6	Yes	No	No	No
DMBT1	Yes	No	No	No
DMBX1	Yes	No	No	No
DMPK	Yes	No	No	No
DMRT2	Yes	No	No	No
DMRT3	Yes	No	No	No
DMRTA2	Yes	No	No	No
DMTF1	Yes	No	No	No
DNAI1	No	Yes	No	No
DNAJA2	Yes	Yes	Yes	No
DNAJB1	No	No	Yes	No
DNAJB12	No	No	Yes	No
DNAJB6	Yes	Yes	No	No
DNAJB8	Yes	No	No	Yes
DNAJC1	Yes	No	No	No
DNAJC19	Yes	Yes	Yes	No
DNAJC22	Yes	No	No	No
DNAJC27	Yes	Yes	Yes	No
DNAJC6	No	No	Yes	No
DNAL4	Yes	Yes	Yes	No
DNER	No	No	Yes	No
DNM3	No	No	Yes	No
DOC2B	No	Yes	No	No
DOCK1	Yes	No	No	No
DOCK5	Yes	No	No	No
DOK4	Yes	No	No	No
DOK5	Yes	No	Yes	No
DOK6	Yes	No	No	No
DOPEY1	No	Yes	No	No
DPP6	Yes	No	No	No
DPP7	No	Yes	No	No
DPYS	No	No	Yes	No
DPYSL4	No	Yes	No	No
DQX1	Yes	No	No	No
DRAP1	Yes	No	No	No
DRAXIN	No	No	Yes	No
DRD1	Yes	Yes	Yes	No
DRGX	No	No	No	Yes
DSC3	Yes	Yes	Yes	Yes
DSCAM	No	No	No	Yes
DTNA	No	Yes	No	No
DTNBP1	No	Yes	No	No
DUOX2	Yes	No	No	No
DUOXA2	Yes	No	No	No
DUSP1	Yes	Yes	Yes	No
DUSP12	Yes	No	No	No
DUSP16	No	Yes	No	No
DUSP2	No	No	Yes	Yes
DUSP4	Yes	No	No	No
DUSP6	Yes	No	No	No
DUSP7	No	No	Yes	No
DUSP8	No	Yes	No	No
DVL1	Yes	No	No	Yes
DYNC1H1	No	Yes	No	No
DYNLL1	Yes	No	No	No
DYNLRB2	Yes	Yes	Yes	No
DYNLT1	Yes	No	No	No
DZIP1	Yes	Yes	Yes	No
E2F8	Yes	Yes	Yes	Yes
E4F1	No	No	Yes	No
EBF1	Yes	Yes	No	No
EBF2	Yes	No	No	No
EBF3	Yes	Yes	Yes	No
EBF4	Yes	Yes	Yes	No
ECE1	Yes	No	No	No
ECT2L	No	No	Yes	No
EDN1	Yes	Yes	Yes	No
EDN2	Yes	No	No	No
EDN3	Yes	No	No	No
EDNRA	Yes	No	No	No
EDNRB	Yes	No	Yes	No
EEF1A1	Yes	No	No	No
EEF1D	Yes	Yes	Yes	No
EEF2	No	Yes	No	No
EEF2K	No	No	Yes	No
EFCC1	No	No	Yes	No
EFHD2	Yes	Yes	No	Yes
EGFLAM	Yes	Yes	Yes	No
EGFR	Yes	Yes	Yes	No
EGR1	No	No	Yes	No
EGR3	Yes	No	No	No
EGR4	No	No	Yes	No
EHD1	No	Yes	No	No
EHHADH	No	No	Yes	No
EID1	No	No	Yes	No
EID2	Yes	No	No	No
EIF2D	Yes	No	No	No
EIF4E1B	Yes	No	No	No
ELAC1	No	Yes	No	No
ELAC2	Yes	No	No	No
ELAVL2	Yes	No	No	No
ELAVL4	Yes	No	No	No
ELFN1	Yes	Yes	Yes	No
ELL	No	Yes	No	No
ELP4	Yes	No	No	No
EMC8	Yes	No	No	No
EME2	Yes	No	No	No
EMILIN2	Yes	Yes	Yes	No
EMILIN3	Yes	No	No	No
EML1	Yes	Yes	Yes	No
EML3	Yes	No	No	No
EMX1	Yes	No	Yes	No
EMX2	Yes	Yes	Yes	No
EN1	Yes	Yes	No	No
EN2	Yes	Yes	Yes	No
ENAH	No	Yes	No	No
ENDOD1	Yes	No	No	No
ENDOV	Yes	Yes	Yes	No
ENGASE	Yes	No	No	Yes
ENOX1	No	Yes	No	No
ENPP1	No	Yes	No	No
ENSG00000129951	Yes	No	No	No
ENSG00000143674	No	Yes	No	No
ENSG00000148123	Yes	No	No	No
ENSG00000171282	Yes	Yes	Yes	No
ENSG00000182319	No	Yes	No	No
ENSG00000205147	Yes	No	No	No
ENSG00000228144	No	No	Yes	Yes
ENSG00000237452	Yes	No	No	No
ENSG00000255330	No	No	Yes	No
ENSG00000259784	No	No	Yes	No
ENSG00000261130	Yes	Yes	Yes	No
ENSG00000262302	Yes	No	No	No
ENSG00000264545	Yes	Yes	Yes	No
ENSG00000267699	No	Yes	No	No
ENSG00000268173	Yes	No	No	No
ENSG00000268643	Yes	Yes	Yes	No
ENSG00000269375	Yes	No	No	No
ENSG00000269741	Yes	No	No	No
ENSG00000272442	Yes	No	No	No
ENTPD2	No	No	Yes	No
ENY2	No	Yes	No	No
EOMES	Yes	No	Yes	No
EP400	Yes	No	No	No
EPAS1	No	No	Yes	No
EPB41L3	Yes	Yes	Yes	No
EPHA10	Yes	Yes	Yes	No
EPHA4	Yes	No	Yes	Yes
EPHB1	Yes	Yes	Yes	No
EPHB2	Yes	Yes	Yes	No
EPHB3	Yes	Yes	Yes	No
EPHB4	Yes	No	No	No
EPHB6	Yes	No	No	No
EPO	Yes	No	No	No
EPS15L1	Yes	No	No	No
EPS8L2	Yes	Yes	Yes	No
ERAL1	Yes	No	No	No
ERBB2	Yes	No	No	No
ERC1	No	No	Yes	Yes
ERCC4	Yes	No	No	No
ERF	Yes	Yes	Yes	No
ERG	Yes	No	No	No
ERLEC1	No	Yes	No	No
ERLIN1	No	Yes	No	No
ERN1	Yes	Yes	Yes	No
ERO1LB	No	Yes	No	No
ERRFI1	Yes	Yes	Yes	No
ESAM	Yes	No	No	No
ESD	Yes	Yes	Yes	No
ESM1	No	No	Yes	No
ESPN	Yes	No	No	No
ESR1	Yes	No	No	No
ESRRA	No	Yes	No	No
ESYT2	Yes	No	No	No
ESYT3	No	No	Yes	No
ETAA1	Yes	No	No	No
ETF1	No	No	Yes	No
ETNK1	Yes	Yes	Yes	No
ETNK2	Yes	No	No	No
ETS1	Yes	No	No	No
ETS2	Yes	No	No	No
EVC	Yes	No	No	No
EVC2	Yes	No	No	No
EVI5L	Yes	Yes	Yes	No
EVL	Yes	No	Yes	No
EVX2	Yes	Yes	Yes	Yes
EXOC6	Yes	No	No	No
EXOC8	No	No	Yes	No
EXOG	Yes	No	No	No
EXOSC2	Yes	No	No	No
EXT1	No	No	Yes	No
EXT2	No	Yes	No	No
EYA1	Yes	Yes	Yes	No
EZH2	Yes	Yes	No	No
EZR	Yes	No	No	No
F2R	No	Yes	No	No
F3	Yes	No	No	No
FAAH	Yes	No	No	No
FADS1	No	Yes	No	No
FADS2	Yes	Yes	Yes	No
FADS3	Yes	Yes	Yes	No
FAH	Yes	No	No	No
FAHD2A	No	No	Yes	Yes
FAM105B	Yes	No	No	No
FAM109A	Yes	No	No	No
FAM110A	Yes	No	No	No
FAM120B	Yes	No	No	No
FAM129B	Yes	No	No	No
FAM150A	Yes	No	Yes	No
FAM150B	No	Yes	No	No
FAM163A	No	No	No	Yes
FAM171A1	No	No	Yes	No
FAM173B	No	Yes	No	No
FAM174B	Yes	No	No	No
FAM189A2	Yes	No	No	No
FAM197Y1	Yes	No	No	No
FAM19A2	Yes	Yes	Yes	No
FAM19A3	Yes	Yes	Yes	No
FAM19A5	Yes	Yes	Yes	No
FAM20C	Yes	No	Yes	No
FAM210A	Yes	No	No	No
FAM210B	Yes	No	No	No
FAM212A	No	No	Yes	No
FAM3B	No	No	Yes	No
FAM53A	No	No	Yes	No
FAM64A	Yes	Yes	Yes	No
FAM65A	Yes	No	No	No
FAM65B	Yes	No	No	No
FAM69A	Yes	No	No	No
FAM76B	No	No	Yes	No
FAM83D	Yes	Yes	Yes	No
FAM84B	Yes	No	No	No
FAM86A	Yes	No	No	No
FAM8A1	Yes	Yes	Yes	No
FAM90A26	Yes	No	No	No
FAM96A	Yes	No	No	No
FANCC	No	No	Yes	No
FANCE	Yes	No	Yes	No
FANCF	Yes	No	No	No
FAR1	Yes	No	No	Yes
FAR2	Yes	No	No	No
FARS2	Yes	Yes	No	No
FARSA	No	Yes	No	No
FASN	Yes	No	No	Yes
FAT3	Yes	No	No	No
FAT4	Yes	No	No	No
FAXDC2	No	Yes	No	No
FBLIM1	Yes	Yes	Yes	No
FBLN2	Yes	No	No	No
FBLN7	No	Yes	No	No
FBN1	No	No	Yes	No
FBXL14	No	No	Yes	Yes
FBXL22	No	No	Yes	No
FBXL4	No	Yes	No	Yes
FBXO2	No	Yes	No	No
FBXO3	No	Yes	No	No
FBXO31	No	Yes	No	No
FBXW11	Yes	No	No	No
FBXW4	Yes	No	No	No
FBXW8	Yes	No	No	No
FCER1A	Yes	No	No	No
FCGR1B	No	Yes	No	No
FCN2	Yes	No	No	No
FCRL3	Yes	No	No	No
FCRL4	Yes	No	No	No
FCRLB	Yes	No	No	No
FECH	Yes	No	No	Yes
FEM1B	Yes	No	Yes	No
FERD3L	Yes	No	No	No
FEV	Yes	Yes	No	No
FEZ1	Yes	No	No	No
FEZ2	Yes	Yes	Yes	No
FEZF1	Yes	Yes	Yes	No
FEZF2	Yes	No	No	No
FGF14	Yes	No	No	No
FGF19	Yes	Yes	Yes	No
FGF22	Yes	No	No	No
FGF3	Yes	No	No	No
FGF5	Yes	No	No	No
FGF8	Yes	No	Yes	No
FGF9	Yes	No	No	No
FGFBP2	Yes	Yes	Yes	No
FGFR2	Yes	No	Yes	No
FH	Yes	No	Yes	No
FHL2	Yes	No	No	No
FIBP	No	No	Yes	No
FICD	Yes	No	No	No
FIGNL1	Yes	No	No	No
FKBP1A	No	No	Yes	No
FKBP1B	No	Yes	No	No
FKBP4	No	No	Yes	No
FKBP5	Yes	No	No	No
FLI1	Yes	Yes	Yes	No
FLII	Yes	Yes	Yes	No
FLNB	Yes	Yes	Yes	No
FLRT2	No	No	Yes	No
FLT1	No	Yes	No	No
FMN2	Yes	No	Yes	Yes
FMNL1	Yes	No	No	No
FMNL2	No	No	Yes	No
FMO3	Yes	No	No	No
FMOD	No	Yes	No	No
FNBP1	Yes	Yes	Yes	No
FNBP1L	Yes	No	No	No
FNDC1	Yes	Yes	Yes	No
FOLR4	Yes	No	No	No
FOXA1	Yes	Yes	No	No
FOXA2	Yes	Yes	Yes	No
FOXA3	Yes	Yes	Yes	No
FOXB2	Yes	No	No	No
FOXC1	Yes	Yes	Yes	No
FOXC2	No	No	Yes	Yes
FOXD1	Yes	No	No	No
FOXD3	Yes	No	No	No
FOXD4L1	Yes	No	Yes	No
FOXD4L6	Yes	No	No	No
FOXE1	Yes	No	No	No
FOXF1	Yes	No	No	No
FOXF2	Yes	Yes	Yes	No
FOXG1	No	No	Yes	No
FOXH1	No	Yes	No	No
FOXI2	Yes	No	No	No
FOXL2	Yes	Yes	Yes	Yes
FOXN2	No	Yes	No	No
FOXN4	Yes	No	No	No
FOXO3	Yes	No	No	No
FOXO6	Yes	Yes	Yes	No
FOXP1	No	Yes	No	No
FOXP4	Yes	Yes	Yes	No
FOXQ1	Yes	No	Yes	No
FRAT1	Yes	Yes	Yes	No
FRAT2	Yes	Yes	Yes	No
FRG2B	Yes	No	No	No
FRMD3	Yes	Yes	Yes	No
FRMPD4	Yes	No	No	No
FSCN2	Yes	No	No	No
FTCD	No	No	Yes	No
FTO	Yes	No	No	No
FTSJ3	Yes	Yes	Yes	No
FUBP3	No	No	No	Yes
FXYD3	Yes	No	No	No
FXYD4	Yes	No	No	No
FXYD5	Yes	Yes	Yes	No
FZD1	Yes	No	No	No
FZD10	Yes	Yes	Yes	No
FZD7	No	No	Yes	Yes
FZD8	Yes	Yes	Yes	No
G3BP1	No	No	Yes	No
G3BP2	No	Yes	No	No
GAB2	No	Yes	No	No
GABBR1	Yes	No	No	No
GABBR2	No	No	Yes	No
GABRA3	Yes	No	No	No
GABRA5	Yes	No	No	No
GABRB3	Yes	No	Yes	No
GAD1	Yes	No	No	No
GAD2	Yes	No	No	No
GAL3ST2	No	No	No	Yes
GALM	No	Yes	No	No
GALNT12	Yes	No	No	No
GALNT13	No	No	Yes	No
GALNT14	No	Yes	No	No
GALNT16	Yes	No	No	No
GALNT3	Yes	No	No	No
GALNT7	Yes	No	No	No
GALR1	No	No	Yes	No
GAN	Yes	No	No	No
GANC	Yes	No	No	No
GAREM	Yes	No	No	No
GAS1	Yes	Yes	Yes	No
GAS6	Yes	No	No	No
GAS8	Yes	No	No	No
GAST	No	Yes	No	No
GATA2	Yes	No	No	Yes
GATA3	Yes	Yes	Yes	No
GATA4	Yes	No	No	No
GATA6	Yes	No	No	No
GBX1	Yes	No	No	No
GBX2	Yes	Yes	No	No
GCC1	No	No	Yes	No
GCC2	No	No	Yes	No
GCNT2	Yes	Yes	Yes	No
GDF1	Yes	No	No	No
GDF6	Yes	Yes	Yes	No
GDF7	Yes	No	No	No
GDNF	Yes	Yes	Yes	No
GDPD5	No	Yes	No	No
GFER	No	Yes	No	No
GFI1	Yes	Yes	Yes	No
GFPT2	Yes	No	No	No
GFRA2	Yes	No	No	No
GGA1	Yes	No	No	No
GGACT	Yes	No	No	No
GGT6	Yes	No	No	No
GGTLC1	Yes	No	No	No
GHSR	Yes	Yes	Yes	No
GIGYF1	No	Yes	No	No
GIGYF2	No	Yes	No	No
GIMAP8	Yes	No	No	No
GINS2	Yes	No	No	No
GIT1	No	No	Yes	No
GJA3	Yes	No	No	No
GJD3	Yes	No	No	No
GJD4	Yes	Yes	Yes	No
GLB1L3	Yes	No	No	No
GLI1	Yes	No	No	No
GLIS1	Yes	No	No	No
GLMN	Yes	Yes	Yes	No
GLRX3	Yes	Yes	Yes	No
GLS	No	Yes	No	No
GLT1D1	Yes	No	No	No
GLTSCR1	Yes	Yes	Yes	No
GLUD1	Yes	Yes	Yes	No
GMDS	Yes	Yes	Yes	No
GMNN	Yes	No	No	No
GMPPA	No	Yes	No	No
GMPR	No	Yes	No	No
GNA11	Yes	No	No	No
GNA13	No	No	Yes	No
GNA15	Yes	No	No	No
GNAI2	No	No	Yes	No
GNAS	No	Yes	Yes	No
GNAT1	Yes	No	Yes	No
GNB2	No	Yes	No	No
GNE	Yes	No	No	No
GNG4	Yes	No	No	No
GNLY	Yes	Yes	Yes	No
GOLGA1	No	Yes	No	No
GOLGA8B	Yes	No	No	No
GOLPH3	No	No	Yes	No
GORASP2	No	No	Yes	No
GOT1	Yes	No	No	No
GP5	No	Yes	No	No
GPC1	Yes	Yes	Yes	No
GPCPD1	Yes	Yes	No	No
GPR114	Yes	Yes	Yes	No
GPR123	Yes	No	No	No
GPR126	No	No	Yes	No
GPR132	Yes	Yes	Yes	No
GPR137	Yes	No	No	No
GPR137B	No	Yes	No	No
GPR139	Yes	Yes	Yes	No
GPR143	Yes	No	No	No
GPR149	No	No	Yes	No
GPR151	Yes	No	No	No
GPR157	Yes	No	No	No
GPR158	No	No	No	Yes
GPR160	No	No	Yes	No
GPR180	Yes	Yes	Yes	No
GPR20	Yes	Yes	Yes	No
GPR25	No	Yes	No	No
GPR27	Yes	No	No	No
GPR35	No	Yes	No	No
GPR37	Yes	Yes	Yes	No
GPR37L1	Yes	Yes	Yes	No
GPR39	Yes	No	No	Yes
GPR4	Yes	No	No	No
GPR50	Yes	No	No	No
GPR55	Yes	Yes	Yes	No
GPR56	Yes	Yes	Yes	No
GPRC5B	Yes	Yes	Yes	No
GPRC5C	Yes	No	No	No
GPRIN1	No	Yes	No	No
GPT	No	No	Yes	Yes
GPT2	Yes	Yes	Yes	No
GPX4	Yes	No	No	No
GRAMD1B	Yes	No	No	No
GRAMD4	No	No	Yes	No
GRAP2	Yes	No	No	No
GRASP	Yes	No	No	No
GRB2	No	Yes	No	No
GREM2	Yes	No	No	No
GRHL1	Yes	Yes	Yes	No
GRHL3	No	No	Yes	No
GRHPR	No	No	Yes	No
GRID1	Yes	No	No	No
GRIK2	Yes	No	No	Yes
GRIK3	Yes	Yes	Yes	No
GRIK4	Yes	No	No	No
GRIK5	Yes	No	No	No
GRIN1	Yes	Yes	Yes	No
GRIN2A	Yes	No	No	No
GRIN2B	No	No	Yes	No
GRIN2C	No	Yes	No	No
GRIN2D	No	Yes	No	No
GRIN3A	No	No	No	Yes
GRIN3B	No	Yes	No	No
GRIP1	Yes	Yes	No	No
GRK6	Yes	No	No	No
GRM1	Yes	No	No	No
GRM5	No	No	Yes	No
GRM7	Yes	No	No	No
GRM8	Yes	No	No	No
GRP	Yes	No	Yes	Yes
GRWD1	No	Yes	No	No
GSC	Yes	No	No	No
GSC2	Yes	No	No	No
GSG1	No	Yes	No	No
GSG1L	Yes	No	No	No
GSK3A	No	No	Yes	No
GSX1	Yes	No	No	No
GSX2	Yes	Yes	Yes	No
GTF2B	No	Yes	No	No
GTF2I	No	No	Yes	No
GTF2IRD1	No	No	Yes	No
GTF3C4	Yes	No	No	No
GUCA1A	Yes	No	No	No
GULP1	No	No	Yes	No
GXYLT2	No	No	Yes	No
GYLTL1B	Yes	No	Yes	Yes
GZMM	Yes	No	No	No
H1F0	Yes	Yes	Yes	No
H2AFY	Yes	Yes	Yes	No
H2AFY2	No	No	Yes	No
H3F3A	No	Yes	No	No
HABP2	Yes	No	No	No
HACE1	Yes	No	No	No
HAGHL	No	Yes	No	No
HAMP	No	No	Yes	No
HAND1	No	No	Yes	No
HAND2	Yes	Yes	Yes	No
HAP1	No	Yes	No	No
HAPLN1	Yes	No	No	No
HAPLN2	No	Yes	No	No
HAS2	No	No	Yes	No
HAS3	No	No	Yes	No
HAUS8	No	No	Yes	No
HBM	Yes	No	No	No
HCN1	No	No	No	Yes
HCN4	Yes	No	No	No
HCST	No	Yes	No	No
HDAC10	No	No	Yes	No
HEBP2	No	No	Yes	No
HECW1	Yes	No	Yes	No
HECW2	No	Yes	No	No
HEG1	No	No	Yes	No
HELT	Yes	No	No	No
HEMK1	Yes	No	No	No
HERC5	No	Yes	No	No
HERPUD2	Yes	No	No	No
HES1	Yes	Yes	Yes	No
HES2	Yes	Yes	No	No
HES3	Yes	No	No	No
HES4	Yes	Yes	Yes	No
HES5	Yes	Yes	Yes	Yes
HES6	Yes	No	No	No
HEXIM1	Yes	No	No	No
HEY1	No	Yes	No	No
HFE2	Yes	Yes	No	No
HGSNAT	No	No	Yes	No
HHAT	No	Yes	No	No
HHATL	Yes	No	No	No
HHEX	Yes	No	No	No
HIC1	Yes	No	No	No
HIF1AN	Yes	No	No	No
HIGD1A	Yes	No	No	No
HINT2	Yes	No	No	No
HIST1H1A	No	No	Yes	No
HIST1H1B	No	Yes	No	Yes
HIST1H2AL	Yes	Yes	Yes	No
HIST1H2BB	Yes	No	No	No
HIST1H2BJ	Yes	No	No	No
HIST1H2BO	Yes	No	No	No
HIST1H3A	No	No	Yes	No
HIST1H3C	Yes	No	No	No
HIST1H3I	No	Yes	No	Yes
HIST1H3J	Yes	No	No	No
HIST1H4A	No	No	Yes	No
HIST3H2BB	Yes	No	No	No
HLA-A	Yes	Yes	Yes	No
HLA-B	Yes	No	No	No
HLA-C	Yes	No	No	No
HLA-E	Yes	No	No	No
HLA-F	Yes	No	No	No
HLA-G	Yes	No	No	No
HLCS	Yes	No	No	No
HLF	Yes	No	No	No
HMBOX1	Yes	No	No	No
HMG20A	Yes	No	No	No
HMGA1	Yes	No	No	No
HMGA2	No	No	Yes	Yes
HMGB2	Yes	No	No	No
HMGB4	Yes	No	No	No
HMGCS2	No	Yes	No	No
HMGN2	Yes	No	No	No
HMGN4	No	Yes	No	No
HMOX2	No	Yes	No	No
HMX1	Yes	No	No	Yes
HMX2	No	No	Yes	No
HMX3	No	No	Yes	No
HNF4G	Yes	No	No	No
HNRNPA2B1	Yes	Yes	Yes	No
HNRNPF	Yes	No	No	No
HNRNPK	No	No	Yes	No
HNRNPU	No	Yes	No	No
HNRNPUL1	No	Yes	No	No
HOMER1	No	No	Yes	No
HOOK1	No	Yes	No	No
HOOK2	Yes	No	No	No
HOPX	No	No	Yes	Yes
HOXA1	Yes	No	No	No
HOXA10	No	No	Yes	No
HOXA13	No	No	Yes	No
HOXA2	Yes	No	No	No
HOXA3	Yes	No	No	No
HOXA4	Yes	No	No	No
HOXA5	Yes	No	No	No
HOXA7	Yes	No	No	No
HOXA9	Yes	Yes	Yes	No
HOXB13	No	No	Yes	No
HOXB2	Yes	No	No	No
HOXB4	Yes	No	No	No
HOXB5	Yes	No	No	No
HOXB8	Yes	No	No	No
HOXB9	Yes	No	No	No
HOXC10	Yes	No	No	No
HOXC11	Yes	No	No	No
HOXC12	No	No	Yes	No
HOXC4	Yes	No	No	No
HOXC6	Yes	Yes	Yes	No
HOXC8	Yes	Yes	Yes	No
HOXD1	Yes	Yes	Yes	No
HOXD10	Yes	Yes	Yes	Yes
HOXD11	Yes	Yes	Yes	Yes
HOXD12	Yes	Yes	Yes	Yes
HOXD13	Yes	Yes	Yes	Yes
HOXD3	Yes	No	No	No
HOXD8	Yes	No	No	Yes
HOXD9	Yes	No	No	No
HP1BP3	Yes	Yes	Yes	No
HPCAL4	No	Yes	No	No
HPSE2	Yes	No	No	No
HR	Yes	No	No	No
HRAS	Yes	No	No	No
HRH1	Yes	No	No	No
HRH4	No	No	Yes	No
HRK	No	Yes	No	No
HS1BP3	Yes	No	No	No
HS3ST2	Yes	No	Yes	No
HS3ST3B1	Yes	Yes	Yes	Yes
HS3ST4	Yes	Yes	Yes	Yes
HS6ST1	Yes	No	No	No
HSD17B12	No	Yes	No	No
HSF1	Yes	No	No	No
HSF4	No	No	Yes	No
HSP90AA1	No	Yes	No	No
HSP90AB1	No	No	Yes	No
HSPB1	Yes	Yes	Yes	No
HSPG2	Yes	Yes	Yes	No
HTR1A	Yes	No	No	No
HTR1B	Yes	Yes	Yes	No
HTR6	No	No	No	Yes
HTRA1	Yes	No	No	No
HTT	Yes	No	No	No
HUNK	Yes	No	No	No
ICAM4	Yes	Yes	Yes	Yes
ICAM5	Yes	Yes	Yes	Yes
ICK	No	Yes	No	No
ICMT	Yes	No	No	No
ID1	No	Yes	No	No
ID3	Yes	No	No	No
IDH2	Yes	No	No	No
IER2	No	Yes	No	No
IER3	Yes	No	No	No
IFFO2	Yes	Yes	Yes	No
IFI30	Yes	No	No	No
IFNAR2	Yes	No	No	No
IFNGR1	Yes	No	No	No
IFNGR2	Yes	No	No	No
IFNK	No	No	Yes	No
IFT80	Yes	No	No	No
IGF1R	Yes	No	No	No
IGF2	Yes	No	No	No
IGF2BP2	No	Yes	No	No
IGF2BP3	Yes	Yes	Yes	No
IGFBP2	Yes	No	Yes	No
IGFBP5	No	No	Yes	No
IGFBP7	Yes	Yes	Yes	No
IGLL1	Yes	Yes	Yes	No
IGLON5	Yes	No	No	No
IGSF21	No	Yes	No	No
IGSF5	Yes	No	No	No
IGSF8	Yes	Yes	Yes	No
IGSF9B	Yes	Yes	Yes	No
IKZF1	Yes	No	No	No
IL17RA	No	No	Yes	No
IL17RC	Yes	No	No	No
IL1R2	No	No	Yes	No
IL21R	No	No	Yes	No
IL31	Yes	Yes	Yes	No
IL31RA	No	Yes	No	No
IL34	Yes	Yes	Yes	No
IL4R	No	Yes	Yes	No
IL6R	No	Yes	No	No
IL6ST	No	Yes	No	No
ILF2	No	Yes	No	No
IMMP2L	No	No	Yes	No
IMMT	No	Yes	No	No
IMPA2	No	Yes	No	No
IMPG1	No	No	No	Yes
INA	No	No	Yes	No
INF2	Yes	No	No	No
INHBB	Yes	No	No	No
INO80D	No	No	Yes	No
INPP5K	Yes	Yes	Yes	No
INPPL1	Yes	No	No	No
INS	Yes	No	No	No
INSIG1	Yes	Yes	Yes	No
INSIG2	Yes	Yes	No	No
INSM1	Yes	Yes	No	No
IPPK	Yes	Yes	Yes	No
IQGAP2	No	No	Yes	No
IQSEC1	Yes	No	No	No
IQSEC3	No	No	Yes	No
IQUB	No	Yes	No	No
IRF1	No	Yes	No	No
IRF2	No	No	Yes	No
IRF2BP1	Yes	Yes	Yes	No
IRF2BPL	Yes	No	Yes	No
IRF4	Yes	No	No	No
IRF6	Yes	No	No	No
IRF8	Yes	No	No	No
IRS1	Yes	No	No	No
IRS2	Yes	No	No	No
IRX1	Yes	Yes	Yes	No
IRX2	Yes	No	No	Yes
IRX3	Yes	No	No	No
IRX4	Yes	No	No	Yes
IRX5	Yes	No	No	No
ISL1	Yes	No	Yes	No
ISL2	Yes	No	No	No
ISLR	No	Yes	No	No
ISLR2	No	Yes	No	No
ITGA11	Yes	No	Yes	No
ITGA3	Yes	No	No	No
ITGA4	Yes	Yes	Yes	Yes
ITGA9	No	No	Yes	No
ITGB2	Yes	Yes	Yes	No
ITGB7	Yes	Yes	Yes	No
ITGBL1	Yes	No	No	No
ITM2C	Yes	Yes	Yes	No
ITPKA	Yes	No	No	No
ITPKB	No	Yes	No	No
ITPKC	Yes	No	No	No
ITPR1	Yes	No	No	No
ITPRIP	Yes	Yes	Yes	No
ITPRIPL1	No	No	Yes	No
ITPRIPL2	Yes	No	No	No
IZUMO3	Yes	No	No	No
JAG1	Yes	Yes	Yes	No
JAG2	Yes	Yes	Yes	No
JAK1	Yes	No	No	No
JARID2	Yes	Yes	Yes	No
JMY	No	No	Yes	No
JOSD1	Yes	Yes	Yes	No
JPH2	Yes	Yes	Yes	No
JPH3	Yes	No	No	No
JUND	No	No	Yes	No
KALRN	Yes	No	No	No
KANSL1	Yes	No	No	No
KANSL3	No	Yes	No	No
KATNAL1	No	No	Yes	No
KCNA1	Yes	No	No	No
KCNA2	Yes	No	No	No
KCNA6	Yes	No	No	No
KCNAB2	Yes	No	No	No
KCNC1	Yes	No	Yes	No
KCNC2	Yes	No	No	No
KCNC3	Yes	No	No	No
KCNC4	Yes	No	Yes	No
KCND3	No	Yes	No	No
KCNE3	No	Yes	No	No
KCNH3	Yes	No	No	No
KCNIP3	No	No	Yes	Yes
KCNJ1	Yes	Yes	Yes	No
KCNJ12	Yes	No	No	No
KCNJ15	Yes	No	No	No
KCNJ2	No	No	Yes	No
KCNK1	No	Yes	No	No
KCNK13	Yes	Yes	Yes	No
KCNK17	No	No	Yes	No
KCNK18	Yes	No	No	No
KCNK5	Yes	Yes	Yes	No
KCNK9	Yes	Yes	Yes	No
KCNN2	No	No	Yes	No
KCNQ4	No	Yes	No	No
KCNQ5	No	Yes	No	No
KCNU1	Yes	No	No	No
KCNV2	No	No	Yes	No
KCTD1	Yes	Yes	No	No
KCTD11	Yes	No	No	No
KCTD15	Yes	No	No	Yes
KCTD7	No	Yes	No	No
KCTD8	No	No	Yes	No
KDM1A	Yes	Yes	Yes	No
KDM2B	Yes	Yes	Yes	No
KDM4A	Yes	No	No	No
KDM4B	Yes	No	No	No
KDM8	Yes	No	No	No
KDR	Yes	Yes	Yes	No
KEAP1	Yes	Yes	Yes	No
KHDRBS2	No	No	No	Yes
KIAA0319L	Yes	No	No	No
KIAA0408	No	No	Yes	No
KIAA1161	Yes	Yes	Yes	No
KIAA1199	Yes	No	No	No
KIAA1217	Yes	Yes	Yes	No
KIAA1324	No	Yes	No	No
KIAA1432	No	Yes	No	No
KIAA1456	Yes	No	No	No
KIAA1467	No	Yes	No	No
KIAA1549	No	No	Yes	No
KIAA1549L	Yes	No	No	No
KIAA1644	Yes	Yes	No	No
KIAA1715	Yes	Yes	Yes	Yes
KIAA2018	No	No	Yes	No
KIF13A	Yes	No	No	No
KIF13B	Yes	No	No	No
KIF17	Yes	Yes	Yes	No
KIF18A	No	No	Yes	No
KIF1A	No	Yes	No	No
KIF1B	Yes	No	No	No
KIF21B	Yes	Yes	No	No
KIF4B	Yes	No	No	Yes
KIF5A	Yes	No	No	No
KIFC2	No	Yes	No	No
KIR3DL3	Yes	No	No	No
KIRREL	Yes	No	No	No
KIT	Yes	Yes	Yes	No
KLF10	Yes	No	No	No
KLF11	Yes	Yes	Yes	No
KLF12	Yes	No	No	No
KLF14	Yes	Yes	Yes	Yes
KLF16	Yes	No	No	Yes
KLF2	Yes	Yes	No	No
KLF4	No	No	Yes	No
KLF9	Yes	Yes	Yes	No
KLHDC4	Yes	No	No	No
KLHDC7A	No	Yes	No	No
KLHL14	Yes	No	No	No
KLHL2	Yes	No	No	No
KLHL21	Yes	Yes	Yes	No
KLHL25	No	No	Yes	No
KLHL42	No	No	No	Yes
KLK9	Yes	No	No	No
KMT2E	Yes	No	No	No
KNDC1	Yes	Yes	Yes	No
KNOP1	No	Yes	No	No
KPNB1	No	Yes	No	No
KREMEN2	Yes	No	No	No
KRT7	Yes	No	No	No
KRT78	Yes	No	No	No
KRT8	Yes	No	No	No
KSR1	No	No	Yes	No
KSR2	Yes	No	No	No
L3MBTL4	Yes	No	Yes	No
LACTB	Yes	No	No	No
LAMA1	Yes	Yes	Yes	No
LAMA4	No	No	Yes	No
LAMB1	Yes	Yes	Yes	No
LAMC1	No	Yes	No	No
LAMP5	Yes	Yes	Yes	No
LANCL2	Yes	Yes	Yes	No
LAPTM4B	Yes	No	No	No
LARP1	No	Yes	No	No
LASP1	Yes	Yes	Yes	No
LATS1	No	Yes	No	No
LAYN	No	No	Yes	Yes
LBR	No	Yes	No	No
LBX1	Yes	No	Yes	Yes
LBX2	Yes	No	No	No
LCE3E	Yes	Yes	Yes	No
LCE5A	Yes	Yes	Yes	No
LCP1	Yes	Yes	Yes	No
LDHD	Yes	No	No	No
LDLRAD4	Yes	No	No	No
LDLRAP1	Yes	No	No	No
LECT1	Yes	Yes	Yes	No
LEF1	Yes	No	No	No
LEFTY2	No	Yes	No	No
LEMD3	No	No	Yes	No
LEPRE1	Yes	No	No	No
LEPROTL1	Yes	No	No	No
LFNG	Yes	Yes	Yes	No
LGALS13	Yes	No	No	No
LGALS16	Yes	No	No	No
LGALSL	No	No	Yes	No
LGR4	Yes	Yes	Yes	No
LHFPL3	Yes	No	No	No
LHX1	Yes	No	Yes	No
LHX2	No	No	No	Yes
LHX3	Yes	Yes	Yes	No
LHX5	Yes	No	No	No
LHX9	Yes	Yes	Yes	No
LIG4	No	Yes	No	No
LILRA1	Yes	No	No	No
LILRB1	Yes	No	No	No
LILRB4	Yes	No	No	No
LIMD2	Yes	Yes	Yes	No
LIMK2	Yes	No	No	No
LIMS1	No	No	Yes	No
LIN28B	Yes	No	No	No
LIN9	No	Yes	Yes	No
LINGO1	Yes	No	No	Yes
LINGO2	No	No	Yes	No
LIPG	No	No	Yes	No
LIPT2	No	Yes	No	No
LMF1	Yes	Yes	Yes	No
LMLN	No	Yes	No	No
LMNA	No	No	Yes	Yes
LMNB1	Yes	No	No	No
LMO2	No	Yes	No	No
LMO4	No	No	Yes	No
LMO7	Yes	No	No	No
LMX1A	Yes	No	No	No
LMX1B	Yes	Yes	Yes	No
LOR	Yes	No	Yes	No
LPGAT1	Yes	Yes	Yes	No
LPHN1	No	Yes	No	No
LPIN2	Yes	Yes	Yes	No
LRAT	No	Yes	No	No
LRFN2	No	No	Yes	No
LRIG1	Yes	No	No	No
LRIG3	No	No	Yes	No
LRP10	Yes	No	No	Yes
LRP12	No	No	Yes	No
LRP5	Yes	Yes	Yes	No
LRP5L	Yes	Yes	Yes	No
LRP8	Yes	Yes	Yes	No
LRRC38	Yes	No	No	No
LRRC3B	Yes	No	No	No
LRRC4	No	No	No	Yes
LRRC41	Yes	Yes	No	No
LRRC4B	Yes	No	No	No
LRRC7	Yes	No	No	No
LRRC8A	Yes	Yes	Yes	No
LRRC8B	No	Yes	No	No
LRRC8C	No	Yes	Yes	No
LRRC8E	Yes	Yes	Yes	No
LRRFIP1	Yes	No	Yes	No
LRRK1	Yes	Yes	No	No
LRRN1	No	No	Yes	No
LRRTM1	Yes	Yes	Yes	No
LRSAM1	Yes	No	No	No
LRTM1	Yes	No	No	No
LSG1	No	Yes	No	No
LSM14A	No	No	No	Yes
LSM14B	No	Yes	No	No
LSM4	No	No	Yes	No
LTB4R	Yes	No	No	No
LTBP3	No	No	Yes	No
LTBP4	Yes	No	No	No
LTC4S	No	No	Yes	No
LTK	Yes	No	No	No
LY6E	Yes	No	No	No
LY6H	Yes	No	No	No
LYL1	Yes	Yes	Yes	No
LYN	Yes	No	No	No
LYPD1	Yes	No	Yes	No
LYPD6	No	Yes	No	No
LYZL1	No	Yes	No	Yes
LZTR1	Yes	No	No	No
LZTS2	No	No	Yes	No
MAB21L1	Yes	Yes	Yes	No
MACF1	Yes	Yes	Yes	No
MAD2L2	No	No	Yes	No
MADCAM1	Yes	No	No	No
MAF	Yes	Yes	Yes	No
MAFA	Yes	No	No	No
MAFB	Yes	No	No	No
MAGEA10	Yes	No	No	No
MALSU1	Yes	Yes	Yes	No
MAML2	No	No	Yes	No
MAN1C1	No	Yes	No	No
MAN2B2	Yes	Yes	Yes	No
MAP10	No	Yes	No	No
MAP1LC3B	Yes	No	No	No
MAP1LC3C	Yes	No	No	No
MAP3K11	No	No	Yes	No
MAP3K5	Yes	No	Yes	No
MAP3K9	Yes	No	No	No
MAP4K4	No	No	Yes	No
MAP4K5	Yes	No	No	No
MAP6	No	No	Yes	No
MAP7	Yes	No	No	No
MAPK11	Yes	No	No	No
MAPK12	No	No	Yes	No
MAPK8	Yes	No	No	No
MAPK9	Yes	No	No	No
MAPKAPK3	No	No	No	Yes
MAPRE2	No	Yes	No	No
MARCH11	Yes	No	No	No
MARCH3	Yes	No	No	No
MARCH8	No	Yes	No	No
MARCKSL1	No	No	Yes	No
MARCO	Yes	Yes	Yes	No
MARK2	Yes	No	Yes	No
MARK4	Yes	No	No	No
MARS2	No	No	Yes	No
MARVELD1	Yes	Yes	Yes	No
MASTL	No	Yes	No	No
MATN2	Yes	No	No	No
MATN4	Yes	No	No	No
MATR3	No	Yes	No	No
MAX	No	Yes	No	No
MB	Yes	Yes	Yes	No
MBD3	Yes	No	No	No
MBD5	No	Yes	No	No
MBLAC2	Yes	No	No	No
MBNL2	Yes	No	No	No
MBP	Yes	No	No	No
MC3R	Yes	No	No	No
MCEE	No	Yes	No	No
MCF2L2	Yes	Yes	Yes	No
MCHR2	Yes	No	Yes	No
MCIDAS	Yes	No	No	No
MCL1	No	Yes	No	No
MCM4	Yes	No	No	No
MCMDC2	No	Yes	No	No
MCOLN2	Yes	No	No	No
MCRS1	Yes	No	No	No
MDFI	No	No	Yes	No
MDGA1	Yes	No	No	No
MDH2	Yes	Yes	Yes	No
MED13L	No	Yes	No	No
MED18	Yes	No	No	No
MED28	Yes	No	No	No
MED30	No	No	Yes	No
MED31	Yes	No	No	No
MED6	Yes	No	No	No
MED9	No	No	No	Yes
MEF2C	Yes	No	Yes	No
MEGF11	Yes	No	No	No
MEGF8	Yes	No	No	No
MEIS1	Yes	No	No	Yes
MEIS2	Yes	Yes	Yes	Yes
MEIS3	No	Yes	No	No
MELK	Yes	No	No	No
MEMO1	No	Yes	No	No
MEN1	Yes	No	No	No
MERTK	No	No	Yes	No
MET	No	No	Yes	No
METRN	Yes	Yes	Yes	No
METRNL	Yes	No	No	No
METTL2B	Yes	No	No	No
METTL9	No	No	Yes	No
MEX3A	Yes	Yes	Yes	No
MEX3B	No	Yes	No	No
MEX3D	Yes	No	No	No
MFSD1	Yes	Yes	Yes	No
MFSD10	Yes	Yes	Yes	No
MFSD3	No	No	Yes	No
MGA	Yes	No	No	No
MGAT4A	Yes	Yes	Yes	No
MGAT4B	Yes	Yes	No	No
MGME1	No	Yes	No	No
MGMT	Yes	No	Yes	Yes
MGRN1	No	No	Yes	No
MGST3	No	Yes	No	No
MIB1	No	Yes	No	No
MICAL2	Yes	No	No	No
MICALL2	Yes	Yes	Yes	No
MICB	No	Yes	No	No
MID1	No	No	Yes	No
MIDN	Yes	No	No	No
MIEN1	Yes	No	No	No
MIF4GD	Yes	No	No	No
MIOS	No	Yes	No	No
MIPOL1	Yes	Yes	No	No
MIS18A	Yes	No	No	No
MITF	Yes	No	No	No
MIXL1	No	Yes	No	No
MKI67	Yes	No	No	No
MKKS	No	Yes	No	No
MKL1	No	No	Yes	No
MKLN1	No	Yes	No	No
MKNK2	Yes	No	No	No
MKRN2	No	Yes	No	No
MKX	Yes	No	No	No
MLLT4	No	No	Yes	No
MLLT6	Yes	Yes	Yes	No
MLXIP	Yes	Yes	Yes	No
MMAA	Yes	No	No	No
MMAB	No	No	Yes	No
MMADHC	Yes	No	No	No
MME	No	No	Yes	No
MMEL1	Yes	No	No	No
MMP14	Yes	No	No	Yes
MMP17	Yes	Yes	Yes	No
MN1	Yes	Yes	Yes	No
MNX1	Yes	No	No	No
MOB3B	No	No	Yes	No
MOCS1	No	No	Yes	No
MOK	Yes	No	No	No
MON2	No	Yes	No	No
MORC2	No	Yes	No	No
MOV10	Yes	No	No	No
MPC1	Yes	Yes	Yes	No
MPP5	No	Yes	No	No
MR1	Yes	No	No	No
MRAS	No	No	Yes	No
MRPL13	No	No	Yes	No
MRPL34	No	Yes	Yes	No
MRPL35	No	Yes	No	No
MRPS14	No	Yes	No	No
MRPS34	Yes	No	No	No
MRPS6	Yes	Yes	Yes	No
MSC	Yes	Yes	Yes	No
MSI1	Yes	No	No	No
MSL3	Yes	No	No	No
MSRA	Yes	Yes	Yes	No
MSRB2	Yes	No	No	No
MSRB3	No	No	Yes	No
MSX1	Yes	No	No	No
MSX2	Yes	Yes	Yes	No
MT2A	Yes	No	No	No
MTAP	No	No	Yes	No
MTERF	Yes	No	No	No
MTFP1	Yes	No	No	No
MTFR2	No	Yes	No	No
MTHFS	No	Yes	No	No
MTMR11	No	Yes	No	No
MTMR12	No	Yes	Yes	No
MTMR2	No	No	Yes	No
MTRNR2L1	Yes	No	No	No
MTSS1L	Yes	Yes	Yes	No
MTUS2	No	Yes	No	No
MUC1	No	No	Yes	No
MUC12	Yes	No	No	No
MUC13	No	No	Yes	No
MUC4	Yes	No	No	Yes
MUC8	Yes	Yes	No	No
MUL1	Yes	No	No	No
MVB12B	Yes	No	No	No
MXD4	No	Yes	No	No
MXI1	No	Yes	No	No
MXRA5	Yes	No	No	No
MXRA8	Yes	No	No	Yes
MYC	Yes	Yes	Yes	No
MYCL	Yes	No	No	No
MYH11	Yes	No	No	No
MYL9	Yes	No	No	No
MYO18A	Yes	No	No	Yes
MYO1C	Yes	No	No	No
MYO3A	Yes	No	No	No
MYO5B	No	No	Yes	No
MYO6	No	No	No	Yes
MYO9B	No	No	Yes	No
MYOD1	Yes	No	No	No
MYT1L	Yes	No	No	No
MZB1	Yes	Yes	Yes	No
MZT2A	Yes	No	No	Yes
N4BP1	Yes	No	No	No
N4BP3	Yes	No	No	No
NAA25	No	Yes	No	No
NAA30	Yes	No	No	No
NAA50	No	Yes	No	No
NAA60	No	Yes	No	No
NAALAD2	No	Yes	No	No
NABP1	No	Yes	No	No
NACC1	No	No	Yes	No
NAGK	Yes	Yes	No	No
NAGS	No	Yes	No	No
NAIF1	Yes	No	No	No
NANOS1	Yes	Yes	Yes	No
NANOS3	Yes	Yes	Yes	No
NAPEPLD	No	Yes	No	No
NAT16	Yes	No	No	No
NAT8L	No	Yes	No	No
NAV1	No	Yes	No	No
NAV2	Yes	No	No	No
NBEA	Yes	Yes	Yes	No
NBL1	Yes	No	No	Yes
NBPF1	Yes	Yes	Yes	No
NBPF12	Yes	No	No	Yes
NBPF16	Yes	No	No	No
NBPF3	Yes	No	No	No
NCAM1	Yes	No	No	No
NCAPG2	Yes	No	No	No
NCBP1	No	Yes	No	No
NCDN	Yes	No	No	No
NCF1	No	No	Yes	No
NCKAP5	No	No	Yes	No
NCL	No	Yes	No	No
NCOA1	Yes	No	No	No
NCOR1	No	No	Yes	No
NCOR2	Yes	Yes	Yes	No
NCR2	Yes	Yes	Yes	No
NDC1	Yes	No	No	No
NDE1	Yes	No	No	No
NDN	Yes	No	No	No
NDNF	Yes	No	No	No
NDRG1	No	No	Yes	No
NDRG2	No	Yes	Yes	No
NDST1	Yes	No	No	No
NDST3	No	Yes	No	No
NDUFS6	Yes	No	No	No
NEDD4	No	Yes	No	No
NEFM	Yes	No	No	No
NEK10	Yes	No	No	No
NEK6	No	Yes	No	Yes
NEK7	No	Yes	No	No
NELFB	Yes	Yes	Yes	No
NELFCD	No	Yes	Yes	No
NEO1	Yes	No	No	No
NES	No	No	Yes	No
NET1	Yes	No	No	No
NETO1	Yes	No	No	No
NEU4	No	No	No	Yes
NEURL	No	Yes	No	Yes
NEURL1B	Yes	Yes	Yes	No
NEURL2	No	No	Yes	No
NEUROD1	Yes	Yes	Yes	No
NEUROD2	Yes	No	No	No
NEUROG1	Yes	No	No	No
NEUROG2	Yes	Yes	Yes	No
NEUROG3	No	Yes	No	No
NFAM1	Yes	Yes	Yes	No
NFASC	No	No	Yes	No
NFATC1	Yes	Yes	Yes	No
NFATC2	No	No	Yes	No
NFE2L1	Yes	No	No	No
NFE2L3	Yes	Yes	Yes	No
NFIA	No	Yes	No	No
NFIB	No	No	Yes	No
NFIC	Yes	No	No	No
NFIL3	Yes	No	Yes	No
NFIX	Yes	Yes	Yes	No
NFKB1	No	Yes	No	No
NFKBID	No	Yes	No	No
NFXL1	No	Yes	No	No
NFYB	Yes	Yes	Yes	No
NGFR	No	Yes	No	No
NHP2	Yes	No	No	No
NID2	Yes	Yes	Yes	No
NIN	No	No	No	Yes
NINJ1	No	Yes	No	No
NIPAL2	No	No	Yes	No
NKD1	Yes	No	No	No
NKX1-1	Yes	No	Yes	No
NKX1-2	Yes	No	No	No
NKX2-1	Yes	No	No	No
NKX2-2	Yes	No	No	No
NKX2-3	Yes	No	No	No
NKX2-4	Yes	No	No	No
NKX2-5	Yes	No	No	No
NKX2-6	Yes	No	No	No
NKX2-8	Yes	No	No	No
NKX3-1	Yes	No	No	No
NKX3-2	Yes	No	Yes	No
NKX6-1	Yes	Yes	Yes	No
NKX6-2	Yes	No	No	No
NLGN1	No	No	Yes	No
NLRP6	Yes	Yes	Yes	Yes
NMB	No	Yes	No	No
NME3	Yes	No	No	No
NMNAT2	Yes	No	No	No
NMRAL1	No	Yes	No	No
NMRK1	Yes	No	No	No
NMUR1	No	Yes	No	No
NNAT	Yes	No	No	No
NOC2L	No	Yes	No	No
NOM1	Yes	Yes	No	No
NOMO2	Yes	No	No	No
NOMO3	Yes	No	No	No
NOS1	Yes	No	No	No
NOS1AP	Yes	No	No	No
NOTCH1	Yes	Yes	Yes	No
NOTCH2	No	Yes	No	No
NOTCH2NL	Yes	Yes	No	No
NOTUM	Yes	Yes	Yes	No
NOXO1	No	Yes	No	No
NPAP1	Yes	No	No	No
NPAS1	No	Yes	No	No
NPAS2	No	Yes	No	No
NPAT	Yes	No	No	No
NPBWR1	No	No	Yes	No
NPC1	Yes	Yes	Yes	No
NPDC1	Yes	Yes	Yes	No
NPFF	Yes	No	No	No
NPHP4	Yes	No	No	No
NPIPB3	No	No	Yes	No
NPM1	Yes	Yes	Yes	No
NPPC	Yes	No	No	No
NPR3	Yes	No	No	Yes
NPRL2	Yes	No	No	No
NPS	Yes	No	No	No
NPTN	Yes	No	No	No
NPTX1	Yes	Yes	Yes	No
NPTX2	Yes	No	No	No
NPTXR	Yes	Yes	Yes	No
NPVF	Yes	Yes	No	No
NPY	Yes	Yes	Yes	Yes
NR2E1	Yes	Yes	Yes	No
NR2F1	Yes	No	No	No
NR2F2	Yes	No	No	No
NR4A3	Yes	No	No	No
NR5A2	Yes	Yes	Yes	Yes
NRARP	Yes	Yes	Yes	Yes
NRBP1	No	No	Yes	No
NRCAM	Yes	Yes	No	No
NRD1	Yes	No	No	No
NRDE2	No	Yes	No	No
NRF1	Yes	No	No	No
NRG1	Yes	No	No	No
NRN1	Yes	Yes	No	No
NRP2	No	No	Yes	No
NRXN1	Yes	Yes	Yes	No
NRXN2	Yes	No	No	No
NSD1	Yes	No	No	No
NSFL1C	Yes	Yes	Yes	No
NSMAF	No	Yes	No	No
NT5C1B-RDH14	Yes	No	No	No
NT5DC2	No	No	Yes	No
NT5E	Yes	Yes	Yes	No
NTMT1	No	No	Yes	No
NTN1	Yes	No	No	No
NTNG2	Yes	Yes	Yes	No
NTPCR	No	Yes	No	No
NTRK3	Yes	No	No	Yes
NUAK1	Yes	No	No	No
NUAK2	Yes	No	No	No
NUB1	No	Yes	No	No
NUDCD1	No	Yes	No	No
NUDT16L1	Yes	No	No	No
NUDT5	No	Yes	No	No
NUMBL	Yes	No	No	No
NUP153	Yes	Yes	Yes	No
NUP210	Yes	No	No	No
NUP214	Yes	No	No	No
NUP88	No	Yes	No	No
NUS1	No	Yes	No	No
NXPH1	Yes	No	No	Yes
NXPH3	No	Yes	Yes	No
NXPH4	Yes	Yes	Yes	No
OAT	Yes	Yes	Yes	No
OAZ1	No	Yes	No	No
OCA2	Yes	Yes	Yes	No
ODC1	Yes	Yes	Yes	No
ODF1	Yes	No	No	No
ODF2L	No	Yes	No	No
OFCC1	Yes	Yes	Yes	No
OGDHL	Yes	No	No	No
OGFRL1	Yes	No	Yes	No
OGT	Yes	No	No	No
OLFM1	No	Yes	No	No
OLFM2	Yes	No	No	No
OLIG1	Yes	No	No	No
OLIG2	Yes	No	Yes	No
OLIG3	Yes	No	Yes	No
OMA1	Yes	No	No	No
ONECUT1	Yes	Yes	Yes	Yes
ONECUT2	Yes	No	No	Yes
ONECUT3	Yes	No	No	No
OPA1	Yes	Yes	Yes	No
OPA3	Yes	No	No	No
OPCML	Yes	No	No	No
OPRD1	Yes	Yes	Yes	No
OPRK1	No	No	Yes	No
OPRL1	No	Yes	No	No
OR10AD1	Yes	No	No	No
OR10J1	Yes	No	No	No
OR10J5	Yes	No	No	No
OR10K1	Yes	No	No	No
OR10K2	Yes	No	No	No
OR14C36	Yes	No	No	No
OR14I1	Yes	No	No	No
OR14J1	Yes	No	No	No
OR1F1	Yes	No	No	No
OR2AK2	Yes	No	No	No
OR2H2	Yes	No	No	No
OR2J2	Yes	No	No	No
OR2L2	Yes	No	No	No
OR2L3	Yes	No	No	No
OR2L5	Yes	No	No	No
OR2M2	Yes	No	No	No
OR2M3	Yes	No	No	No
OR2M4	Yes	No	No	No
OR2M5	Yes	No	No	No
OR2M7	Yes	No	No	No
OR2T1	Yes	No	No	No
OR2T10	Yes	No	No	No
OR2T12	Yes	No	No	No
OR2T27	Yes	No	No	No
OR2T33	Yes	No	No	No
OR2T34	Yes	No	No	No
OR2T4	Yes	No	No	No
OR2T6	Yes	No	No	No
OR2V1	Yes	No	No	No
OR2V2	No	Yes	No	No
OR4E2	No	Yes	No	No
ORAI1	Yes	Yes	Yes	No
ORAOV1	Yes	Yes	Yes	No
ORC4	No	Yes	No	No
ORM1	Yes	Yes	Yes	No
OSBPL7	Yes	No	No	No
OSBPL9	Yes	No	No	No
OSGIN2	No	Yes	No	No
OSR1	Yes	No	Yes	No
OSTF1	Yes	No	No	No
OSTM1	Yes	Yes	Yes	No
OTOP2	Yes	No	No	No
OTOP3	Yes	No	No	No
OTP	Yes	No	No	No
OTUD1	Yes	Yes	Yes	No
OTUD4	No	Yes	No	No
OTUD7B	No	Yes	No	No
OTX1	Yes	Yes	Yes	Yes
OTX2	Yes	Yes	Yes	No
OVOL1	Yes	No	No	No
OXCT1	No	No	Yes	No
OXCT2	Yes	No	No	No
OXTR	Yes	No	No	No
P2RX1	Yes	No	No	No
P2RX2	Yes	Yes	No	No
PABPN1L	Yes	Yes	Yes	No
PACSIN3	Yes	Yes	Yes	No
PADI4	Yes	No	No	No
PAFAH1B1	Yes	No	No	No
PAICS	No	Yes	No	No
PAK7	Yes	Yes	Yes	No
PALLD	No	No	Yes	No
PALM3	No	Yes	No	No
PANK4	Yes	Yes	Yes	Yes
PANX1	Yes	No	No	No
PAPPA	Yes	No	No	No
PAPPA-AS1	Yes	No	No	No
PAPSS1	No	No	Yes	No
PAQR4	Yes	Yes	Yes	No
PAQR8	No	Yes	No	No
PARD6G	Yes	No	No	No
PARK7	Yes	Yes	Yes	No
PARP1	No	Yes	No	No
PARP10	Yes	Yes	Yes	No
PARP11	Yes	No	No	No
PARP4	Yes	No	No	No
PARP8	Yes	No	No	No
PASK	No	Yes	No	No
PATZ1	No	Yes	No	No
PAX1	Yes	No	No	No
PAX2	Yes	No	No	Yes
PAX3	Yes	Yes	No	No
PAX5	Yes	No	No	No
PAX6	Yes	No	No	No
PAX9	Yes	No	No	No
PAXIP1	Yes	No	No	No
PBX3	Yes	No	No	No
PCBP3	Yes	Yes	Yes	No
PCCA	Yes	No	No	Yes
PCDH1	Yes	Yes	Yes	No
PCDH17	Yes	No	No	No
PCDH7	Yes	No	No	No
PCDH8	Yes	Yes	Yes	No
PCDHAC2	Yes	No	No	No
PCDHB1	Yes	No	No	No
PCDHGC3	Yes	No	No	No
PCDHGC4	Yes	No	No	No
PCED1B	Yes	No	No	No
PCGF2	No	No	No	Yes
PCGF3	Yes	No	No	No
PCMTD2	Yes	No	No	No
PCNX	No	No	Yes	No
PCNXL2	Yes	No	No	No
PCNXL3	No	No	Yes	No
PCOLCE2	No	Yes	No	No
PCP4	No	No	No	Yes
PCSK9	No	Yes	No	No
PDCD4	Yes	No	No	No
PDCD6	No	Yes	No	No
PDE4A	Yes	Yes	Yes	No
PDE4D	Yes	No	No	No
PDE6A	Yes	No	No	No
PDE6B	Yes	No	No	No
PDGFA	Yes	Yes	Yes	No
PDGFRA	No	No	Yes	No
PDIA3	No	Yes	No	No
PDIA4	No	Yes	No	No
PDIA6	No	Yes	No	No
PDK2	Yes	Yes	Yes	No
PDLIM1	Yes	No	No	No
PDLIM2	Yes	No	No	No
PDLIM5	Yes	No	No	No
PDX1	Yes	No	No	No
PDZD8	Yes	Yes	No	No
PDZRN3	Yes	No	No	No
PDZRN4	Yes	No	No	No
PEAR1	No	Yes	No	No
PELI3	No	No	Yes	No
PENK	Yes	No	No	No
PEPD	No	Yes	No	No
PER1	Yes	No	No	No
PER2	Yes	No	No	No
PERP	Yes	Yes	Yes	No
PEX13	No	Yes	No	No
PEX16	No	No	Yes	Yes
PEX2	Yes	No	No	No
PFAS	Yes	No	No	No
PFKFB2	No	No	Yes	No
PFKFB3	Yes	No	No	No
PFKP	No	Yes	No	No
PFN2	Yes	No	No	No
PFN3	Yes	No	No	No
PGAP2	Yes	No	No	No
PGBD3	No	No	No	Yes
PGBD5	No	No	Yes	No
PGLYRP3	Yes	No	Yes	No
PGLYRP4	Yes	No	No	No
PGM3	No	Yes	No	No
PGPEP1L	Yes	No	No	No
PHACTR1	Yes	Yes	Yes	No
PHACTR3	Yes	No	No	No
PHACTR4	No	Yes	No	No
PHB2	Yes	No	No	No
PHC1	Yes	No	No	No
PHF12	Yes	No	No	No
PHF13	Yes	Yes	Yes	No
PHF14	No	No	Yes	No
PHF21A	Yes	No	No	No
PHF21B	No	No	Yes	No
PHGDH	No	Yes	No	No
PHLDA3	Yes	Yes	Yes	No
PHLDB1	No	No	Yes	Yes
PHLPP1	No	Yes	No	No
PHOX2A	Yes	No	No	No
PHOX2B	Yes	No	No	No
PHPT1	Yes	No	No	Yes
PHYHIPL	No	No	Yes	No
PIANP	Yes	No	No	No
PIAS1	Yes	No	No	No
PID1	No	No	Yes	No
PIEZO1	Yes	No	No	No
PIEZO2	Yes	Yes	Yes	No
PIGG	Yes	No	No	No
PIGL	No	No	Yes	No
PIGV	Yes	No	No	No
PIGX	No	Yes	No	No
PIGZ	No	Yes	No	No
PIK3CB	Yes	Yes	Yes	Yes
PIK3CD	No	Yes	No	No
PIK3IP1	Yes	No	No	No
PIK3R1	Yes	No	No	No
PIK3R4	No	No	Yes	No
PIM3	Yes	No	No	No
PINX1	Yes	No	No	No
PIP5K1A	No	Yes	No	No
PIRT	No	Yes	No	No
PITPNA	Yes	Yes	Yes	No
PITPNB	No	No	Yes	No
PITRM1	No	Yes	No	No
PITX1	Yes	No	No	Yes
PITX2	Yes	No	No	No
PIWIL1	Yes	Yes	Yes	No
PKIA	No	No	No	Yes
PKMYT1	Yes	Yes	Yes	No
PKNOX2	Yes	No	No	No
PLA2G7	No	No	Yes	No
PLAG1	No	Yes	No	No
PLAGL1	No	Yes	No	No
PLAUR	No	No	Yes	No
PLCB1	No	No	Yes	Yes
PLCB3	Yes	No	No	No
PLCD1	Yes	No	No	No
PLCG1	No	No	Yes	No
PLCG2	Yes	No	No	No
PLCH1	Yes	No	No	No
PLCL2	No	Yes	No	No
PLCXD3	No	No	Yes	No
PLD5	Yes	No	No	No
PLEC	Yes	Yes	Yes	No
PLEKHA2	Yes	Yes	Yes	No
PLEKHA8	Yes	No	No	No
PLEKHB2	Yes	No	No	No
PLEKHF1	Yes	Yes	Yes	No
PLEKHG2	Yes	Yes	No	No
PLEKHG3	No	No	Yes	No
PLEKHG6	Yes	Yes	Yes	Yes
PLEKHN1	Yes	Yes	Yes	No
PLEKHO1	No	Yes	No	Yes
PLIN2	Yes	Yes	Yes	No
PLIN3	Yes	No	No	No
PLK2	Yes	No	No	No
PLN	Yes	No	Yes	No
PLSCR1	Yes	Yes	Yes	No
PLSCR4	No	No	Yes	No
PLXDC1	No	Yes	No	No
PLXNA1	Yes	Yes	Yes	No
PLXNA4	Yes	No	No	No
PLXNB1	Yes	No	No	No
PLXNB2	Yes	No	No	Yes
PLXNC1	No	Yes	No	No
PLXND1	No	Yes	No	No
PMEPA1	No	Yes	No	No
PMFBP1	No	No	Yes	No
PMP22	Yes	Yes	Yes	No
PNISR	No	Yes	No	No
PNKP	Yes	No	No	No
PNMA2	Yes	No	No	No
PNPLA8	No	Yes	No	No
PNPO	No	No	Yes	No
PNRC1	Yes	No	No	No
PODXL	No	Yes	No	No
POFUT2	Yes	No	No	No
POGK	Yes	No	Yes	No
POLA2	Yes	No	No	No
POLD4	Yes	Yes	Yes	No
POLDIP3	No	Yes	Yes	No
POLG	Yes	No	No	No
POLR2B	No	Yes	No	No
POLR2H	No	No	Yes	No
POLR2L	Yes	No	Yes	No
POLR3B	No	No	Yes	No
POLR3C	No	Yes	No	No
POLR3G	Yes	No	No	No
POMC	Yes	Yes	Yes	No
POP4	Yes	Yes	Yes	No
POP7	No	Yes	No	No
POU3F1	Yes	No	No	No
POU3F2	No	Yes	Yes	Yes
POU3F3	Yes	No	Yes	No
POU4F1	Yes	No	Yes	No
POU4F2	Yes	No	No	No
POU4F3	Yes	No	Yes	No
POU5F2	Yes	No	No	No
PPAPDC1A	Yes	Yes	No	No
PPAPDC3	Yes	No	No	No
PPARA	Yes	Yes	Yes	No
PPARGC1B	Yes	No	Yes	No
PPAT	No	Yes	No	No
PPDPF	Yes	No	No	No
PPEF2	No	Yes	No	No
PPFIA1	No	Yes	No	No
PPIAL4C	Yes	No	No	No
PPIAL4G	Yes	No	No	No
PPIB	No	No	Yes	No
PPIC	Yes	No	No	No
PPIF	Yes	No	No	No
PPIL4	Yes	No	No	No
PPM1H	No	Yes	No	No
PPM1L	Yes	Yes	Yes	No
PPP1CB	No	No	Yes	No
PPP1CC	No	No	Yes	No
PPP1R12B	Yes	No	No	No
PPP1R16B	Yes	Yes	Yes	No
PPP1R26	No	Yes	Yes	No
PPP1R32	Yes	Yes	Yes	No
PPP1R37	Yes	No	No	No
PPP1R7	No	Yes	No	No
PPP1R9B	Yes	Yes	Yes	No
PPP2CB	No	Yes	No	No
PPP2R2B	Yes	No	No	No
PPP2R2C	Yes	Yes	Yes	No
PPP2R2D	Yes	No	No	No
PPP2R4	Yes	Yes	Yes	No
PPP2R5C	Yes	No	No	No
PPP4R2	Yes	No	Yes	No
PPP6R3	Yes	Yes	Yes	No
PPT2	Yes	No	No	No
PPT2-EGFL8	Yes	No	No	No
PRAC	Yes	No	No	No
PRAMEF20	Yes	No	No	No
PRCP	No	Yes	No	No
PRDM12	Yes	No	No	No
PRDM13	Yes	No	Yes	No
PRDM16	Yes	No	No	No
PRDM8	Yes	No	No	No
PRELID1	No	No	Yes	No
PREX2	No	Yes	No	No
PRICKLE1	Yes	Yes	Yes	No
PRIM2	Yes	No	No	No
PRKAB2	Yes	No	No	Yes
PRKACA	No	No	Yes	No
PRKAG2	Yes	Yes	Yes	No
PRKCB	Yes	Yes	Yes	No
PRKCD	Yes	No	No	No
PRKCG	No	No	Yes	No
PRKCQ	Yes	No	No	No
PRKDC	Yes	No	No	No
PRKG1	Yes	No	No	Yes
PRKG2	No	No	Yes	No
PRKRA	No	Yes	No	No
PRKRIP1	No	Yes	No	No
PRKRIR	No	Yes	No	No
PRKX	Yes	No	No	No
PRLHR	Yes	No	No	No
PRODH	Yes	No	No	No
PROK2	Yes	Yes	Yes	No
PROKR2	Yes	No	Yes	Yes
PROM1	Yes	Yes	Yes	No
PROX1	Yes	Yes	Yes	No
PRPF6	Yes	No	No	Yes
PRPH	Yes	No	No	No
PRPH2	No	Yes	No	No
PRPSAP1	No	Yes	No	No
PRR11	No	Yes	No	No
PRR5	Yes	Yes	No	No
PRR7	Yes	No	No	No
PRRT1	Yes	No	No	No
PRRX1	Yes	No	No	No
PRSS1	Yes	No	No	No
PRSS12	Yes	Yes	Yes	No
PSAPL1	Yes	No	Yes	No
PSAT1	No	No	Yes	No
PSD2	Yes	Yes	Yes	No
PSMB2	No	Yes	No	No
PSMB8	Yes	No	No	No
PSMC1	Yes	Yes	Yes	No
PSMD6	Yes	Yes	Yes	No
PTBP1	Yes	No	No	No
PTCH1	No	No	Yes	No
PTCHD2	No	Yes	No	No
PTF1A	Yes	No	No	No
PTGER2	Yes	Yes	Yes	No
PTGES2	Yes	No	No	No
PTGR1	Yes	No	No	No
PTGS2	No	No	Yes	No
PTH2	Yes	No	No	No
PTHLH	No	No	No	Yes
PTK6	Yes	No	No	No
PTMA	No	Yes	No	No
PTN	No	No	Yes	No
PTOV1	Yes	No	No	No
PTP4A2	No	Yes	No	No
PTP4A3	Yes	Yes	Yes	No
PTPN1	No	No	Yes	No
PTPN14	Yes	Yes	Yes	No
PTPN21	Yes	No	No	No
PTPN3	Yes	No	No	No
PTPN6	Yes	No	No	No
PTPRF	Yes	No	No	No
PTPRG	Yes	Yes	No	No
PTPRM	Yes	No	No	No
PTPRN2	Yes	Yes	Yes	No
PTPRO	No	No	Yes	No
PTPRT	Yes	No	No	No
PTPRU	Yes	No	No	No
PTTG1	No	Yes	No	No
PTX3	No	Yes	No	No
PVRL3	No	No	Yes	No
PXDC1	Yes	No	No	No
PYGL	No	No	Yes	Yes
PYY	No	Yes	No	No
RAB11FIP3	Yes	Yes	Yes	No
RAB18	Yes	No	No	No
RAB20	Yes	No	No	No
RAB24	No	No	Yes	No
RAB25	Yes	Yes	Yes	No
RAB28	Yes	No	No	No
RAB34	No	No	Yes	No
RAB37	No	Yes	No	No
RAB38	Yes	No	No	No
RAB3C	Yes	No	No	No
RAB40C	Yes	No	No	No
RAB8A	Yes	No	Yes	No
RAB9A	No	Yes	No	No
RABAC1	No	Yes	Yes	No
RABEP1	No	Yes	No	No
RABL2A	No	No	Yes	No
RABL6	Yes	No	No	No
RAC1	Yes	No	No	No
RAD18	Yes	No	No	No
RAD21L1	No	Yes	No	No
RAD23A	Yes	Yes	Yes	No
RAET1L	Yes	No	No	No
RAI1	Yes	No	Yes	Yes
RALB	Yes	No	No	No
RALBP1	No	No	Yes	No
RALGDS	Yes	Yes	Yes	No
RAP1A	No	No	Yes	No
RAP1GAP	Yes	Yes	Yes	No
RAP2A	Yes	No	No	No
RARA	Yes	No	No	No
RARB	Yes	Yes	No	No
RARG	Yes	Yes	Yes	No
RARS	Yes	No	No	No
RASA3	Yes	No	No	No
RASD1	No	Yes	No	Yes
RASD2	Yes	Yes	Yes	No
RASEF	Yes	Yes	Yes	No
RASGEF1A	Yes	No	No	No
RASGEF1B	No	Yes	No	No
RASGEF1C	Yes	No	No	No
RASGRF1	No	No	Yes	No
RASGRP2	Yes	No	No	No
RASSF1	Yes	No	No	No
RASSF5	Yes	No	Yes	No
RAX	Yes	No	No	Yes
RBBP6	Yes	No	No	No
RBBP8	No	Yes	No	No
RBFOX1	Yes	No	No	No
RBFOX3	Yes	No	No	Yes
RBL2	Yes	No	No	No
RBM15	Yes	No	No	No
RBM15B	No	No	Yes	No
RBM19	Yes	No	No	No
RBM24	Yes	Yes	Yes	No
RBM33	Yes	No	No	No
RBM38	Yes	Yes	Yes	Yes
RBM44	Yes	No	No	No
RCC1	No	Yes	No	No
RCC2	Yes	Yes	No	No
RCN1	Yes	No	No	No
RCOR2	Yes	No	No	No
RDH5	Yes	No	No	No
RDH8	Yes	No	No	No
RECQL4	No	Yes	Yes	No
REEP1	No	Yes	No	No
RELT	Yes	No	No	No
REPIN1	Yes	Yes	Yes	No
RER1	No	No	Yes	Yes
RERE	Yes	No	No	No
REXO1	Yes	No	No	Yes
RFTN1	Yes	No	No	No
RFWD2	No	Yes	No	No
RFX2	No	Yes	No	No
RFX3	Yes	No	No	No
RFX4	No	No	Yes	No
RFX7	No	Yes	No	No
RGCC	Yes	No	No	No
RGL3	Yes	Yes	Yes	No
RGMA	Yes	Yes	Yes	No
RGMB	Yes	No	No	No
RGS10	Yes	Yes	Yes	No
RGS12	Yes	No	No	No
RGS19	No	Yes	No	No
RGS2	No	No	Yes	No
RGS20	Yes	Yes	Yes	No
RGS7	Yes	No	Yes	No
RGS9	No	No	No	Yes
RHBDL3	Yes	Yes	Yes	No
RHBG	No	No	Yes	No
RHCG	Yes	No	No	No
RHEB	Yes	Yes	Yes	No
RHOB	Yes	No	No	No
RHOC	Yes	No	No	No
RHOF	Yes	No	No	No
RHOG	Yes	No	No	No
RHOV	Yes	No	No	No
RHPN1	Yes	No	No	No
RILPL1	Yes	Yes	Yes	No
RIMBP2	Yes	No	No	No
RIMS1	Yes	No	Yes	No
RIN2	No	Yes	No	No
RIPK2	No	Yes	No	No
RIPK4	Yes	No	No	No
RIPPLY2	No	No	Yes	No
RLF	No	Yes	No	No
RMDN2	Yes	Yes	Yes	No
RMI1	No	No	Yes	No
RNASEH2A	No	Yes	No	No
RNASEH2B	Yes	Yes	Yes	No
RNASET2	Yes	Yes	Yes	No
RND3	Yes	No	No	No
RNF10	No	Yes	No	No
RNF11	Yes	No	No	No
RNF115	No	Yes	No	No
RNF126	Yes	Yes	No	No
RNF13	Yes	No	No	No
RNF133	Yes	No	No	No
RNF145	Yes	Yes	No	No
RNF149	Yes	No	No	No
RNF150	No	No	Yes	No
RNF157	No	Yes	No	No
RNF17	Yes	No	No	No
RNF187	Yes	Yes	No	No
RNF213	Yes	Yes	Yes	No
RNF220	Yes	No	No	No
RNF34	Yes	Yes	Yes	No
RNF38	Yes	No	No	No
RNF39	Yes	No	No	No
RNF8	No	No	Yes	No
RNFT1	Yes	Yes	Yes	No
RNFT2	No	Yes	No	No
RNGTT	Yes	No	No	No
ROBO3	Yes	No	No	No
ROBO4	Yes	No	No	No
ROM1	Yes	No	No	No
RORA	No	No	Yes	No
RORB	Yes	No	No	No
ROS1	Yes	No	No	No
RP1	Yes	No	No	No
RPAIN	No	Yes	No	No
RPIA	Yes	No	No	No
RPL10A	No	No	Yes	No
RPL19	Yes	Yes	No	No
RPL23A	No	No	Yes	No
RPL29	No	No	Yes	No
RPL37	No	No	Yes	No
RPL39L	No	No	Yes	No
RPL5	Yes	No	No	No
RPP21	Yes	No	No	No
RPP25	No	Yes	No	Yes
RPS14	Yes	No	No	No
RPS15	Yes	No	No	No
RPS16	Yes	No	No	No
RPS19BP1	No	Yes	Yes	No
RPS28	Yes	Yes	Yes	No
RPS3	No	Yes	No	No
RPS3A	No	Yes	No	No
RPS6KA1	Yes	No	No	No
RPS6KA2	Yes	Yes	Yes	No
RRAS2	Yes	No	No	Yes
RRM2B	No	No	Yes	No
RRN3	Yes	Yes	Yes	No
RRP1	Yes	No	No	No
RSBN1L	No	Yes	No	No
RSPO2	Yes	Yes	Yes	No
RTBDN	No	Yes	No	No
RTEL1	Yes	No	No	No
RTEL1-TNFRSF6B	Yes	No	No	No
RTN3	No	No	Yes	No
RTN4RL2	No	No	Yes	No
RTP2	Yes	No	No	No
RUFY1	Yes	No	No	No
RUNX1	Yes	No	No	No
RUNX1T1	No	No	Yes	No
RUNX3	Yes	Yes	No	No
RUSC2	Yes	Yes	Yes	Yes
RXFP4	No	No	Yes	No
RYR2	Yes	No	No	No
RYR3	Yes	No	Yes	No
S100A16	Yes	No	No	No
S100PBP	Yes	No	No	No
S1PR3	Yes	Yes	Yes	No
SALL1	Yes	No	No	No
SALL3	Yes	No	No	No
SAMD1	No	Yes	Yes	No
SAMD11	No	Yes	No	No
SAMD3	No	No	Yes	No
SAP30L	No	No	Yes	No
SART1	Yes	No	No	No
SATB1	No	Yes	No	No
SAV1	No	No	Yes	Yes
SAYSD1	Yes	Yes	Yes	No
SBNO2	Yes	No	No	No
SBSPON	Yes	No	No	No
SCAF4	No	No	Yes	No
SCAND3	Yes	No	No	Yes
SCAPER	Yes	No	No	No
SCARB1	Yes	Yes	Yes	No
SCD5	Yes	No	No	No
SCEL	No	No	Yes	No
SCGB1A1	Yes	No	No	No
SCML4	No	No	Yes	No
SCN3B	Yes	No	No	No
SCN4B	Yes	No	No	No
SCO2	Yes	No	No	No
SCRT1	No	Yes	No	No
SCRT2	Yes	No	No	No
SCUBE1	No	Yes	Yes	No
SDC3	Yes	Yes	Yes	No
SDC4	Yes	No	No	No
SDCBP	No	Yes	No	No
SDCBP2	No	No	Yes	No
SDHA	No	Yes	No	No
SDIM1	Yes	No	No	No
SDK2	Yes	No	No	No
SDR42E2	No	No	Yes	No
SDSL	Yes	No	No	No
SEC14L1	No	Yes	Yes	No
SEC16A	Yes	Yes	Yes	No
SEC22A	Yes	No	No	No
SEC23IP	No	Yes	No	No
SEC61B	No	Yes	No	No
SEC61G	Yes	No	No	No
SEC62	No	Yes	No	No
SEMA3F	Yes	No	No	No
SEMA4A	No	No	Yes	Yes
SEMA4C	Yes	No	No	No
SEMA4G	No	No	No	Yes
SEMA5A	No	No	Yes	No
SEMA6A	Yes	No	No	No
SEMA6B	No	Yes	No	No
SENP8	Yes	No	No	No
SEPN1	No	Yes	No	No
SEPP1	Yes	Yes	Yes	No
SEPSECS	No	Yes	No	No
SEPT10	Yes	No	No	No
SEPT11	No	Yes	No	No
SEPT3	No	Yes	No	No
SEPT8	Yes	No	No	No
SEPT9	Yes	Yes	Yes	Yes
SERGEF	Yes	No	Yes	No
SERHL2	No	No	Yes	No
SERINC2	Yes	No	No	No
SERINC5	No	No	Yes	No
SERP2	Yes	No	No	No
SERPINA3	Yes	No	No	No
SERPINE3	Yes	No	Yes	No
SERPING1	No	No	No	Yes
SERTAD2	No	No	Yes	No
SESN2	Yes	Yes	No	No
SESN3	Yes	No	No	No
SETMAR	No	No	Yes	No
SETX	Yes	Yes	Yes	No
SEZ6	Yes	No	No	No
SF3B5	No	Yes	No	No
SFN	Yes	No	No	No
SFPQ	No	No	Yes	No
SFRP1	Yes	Yes	Yes	Yes
SFRP2	Yes	No	No	No
SFT2D2	Yes	Yes	Yes	No
SFT2D3	No	Yes	No	No
SFTPA1	No	Yes	No	No
SFTPD	No	Yes	No	No
SFXN2	No	Yes	No	No
SFXN5	Yes	No	Yes	No
SGCD	Yes	No	No	Yes
SGCZ	Yes	No	No	No
SGPP2	Yes	Yes	Yes	No
SGSM3	No	No	Yes	No
SH2B2	Yes	Yes	Yes	No
SH2B3	Yes	Yes	Yes	No
SH2D1B	Yes	No	No	No
SH2D3C	Yes	No	No	No
SH3BP4	No	No	No	Yes
SH3PXD2A	No	No	No	Yes
SH3RF3	Yes	No	No	No
SHANK1	Yes	Yes	No	No
SHANK2	No	Yes	No	No
SHANK3	Yes	Yes	Yes	No
SHC3	Yes	Yes	Yes	No
SHC4	No	No	Yes	No
SHFM1	Yes	No	No	No
SHH	Yes	Yes	Yes	No
SHISA3	Yes	Yes	Yes	No
SHISA6	No	Yes	No	No
SHISA7	Yes	No	No	No
SHISA8	No	Yes	No	No
SHISA9	Yes	No	No	No
SHMT2	Yes	Yes	Yes	No
SHOX	Yes	No	No	No
SHOX2	Yes	Yes	Yes	No
SIDT1	No	No	Yes	No
SIGIRR	Yes	No	No	No
SIGLEC12	Yes	No	No	No
SIGLEC6	Yes	No	No	No
SIGLEC8	Yes	No	No	No
SIGLECL1	Yes	No	No	No
SIK1	Yes	Yes	Yes	No
SIL1	No	Yes	No	No
SIM2	Yes	No	No	No
SIPA1L1	No	No	Yes	No
SIRPA	Yes	Yes	Yes	No
SIRPG	Yes	Yes	Yes	No
SIVA1	Yes	No	No	No
SIX1	Yes	No	Yes	No
SIX2	Yes	Yes	Yes	No
SIX3	Yes	Yes	Yes	No
SIX5	Yes	No	No	No
SIX6	Yes	Yes	Yes	No
SKA2	No	Yes	No	No
SKAP2	Yes	No	No	No
SKI	No	No	Yes	Yes
SKOR1	Yes	No	No	No
SKOR2	Yes	No	No	No
SLAMF1	Yes	No	No	No
SLC10A6	Yes	No	No	No
SLC10A7	Yes	No	No	No
SLC13A5	Yes	No	No	No
SLC15A3	Yes	Yes	Yes	No
SLC15A4	Yes	No	No	Yes
SLC16A1	Yes	Yes	Yes	No
SLC16A7	No	No	Yes	No
SLC17A6	Yes	No	No	No
SLC17A7	Yes	No	No	No
SLC17A9	Yes	No	No	No
SLC18A2	No	Yes	No	No
SLC18A3	Yes	No	No	No
SLC1A4	No	No	Yes	No
SLC1A5	No	Yes	No	No
SLC1A6	Yes	No	No	No
SLC22A12	Yes	No	No	No
SLC22A23	Yes	No	No	No
SLC24A3	No	Yes	No	No
SLC25A1	Yes	No	No	No
SLC25A21	Yes	No	No	No
SLC25A25	Yes	No	No	No
SLC25A26	Yes	No	No	No
SLC25A33	No	Yes	No	No
SLC25A4	Yes	No	No	No
SLC27A1	Yes	No	No	No
SLC29A1	Yes	No	Yes	No
SLC29A3	Yes	Yes	Yes	No
SLC2A5	Yes	No	No	No
SLC30A5	Yes	No	No	No
SLC30A9	Yes	Yes	Yes	No
SLC31A2	Yes	No	No	No
SLC32A1	Yes	Yes	Yes	No
SLC35C2	Yes	No	No	No
SLC35E1	No	No	Yes	No
SLC35F1	Yes	No	Yes	No
SLC35F2	Yes	No	No	No
SLC35F4	No	No	Yes	No
SLC35F5	No	Yes	No	No
SLC35G2	No	No	Yes	Yes
SLC35G5	Yes	No	No	No
SLC35G6	Yes	No	No	No
SLC38A1	Yes	No	No	No
SLC38A2	Yes	No	No	No
SLC38A4	Yes	No	No	No
SLC39A11	No	No	No	Yes
SLC39A2	No	Yes	No	No
SLC3A2	No	No	Yes	No
SLC41A2	Yes	Yes	Yes	No
SLC43A1	No	No	Yes	No
SLC44A3	Yes	No	No	No
SLC45A1	Yes	No	No	No
SLC45A4	Yes	Yes	Yes	No
SLC46A3	No	Yes	No	No
SLC4A11	Yes	Yes	Yes	No
SLC4A2	Yes	No	No	No
SLC5A3	Yes	Yes	Yes	No
SLC6A1	Yes	No	No	No
SLC6A15	No	No	No	Yes
SLC6A17	Yes	No	No	No
SLC6A5	No	No	Yes	No
SLC7A10	Yes	Yes	Yes	No
SLC8A2	No	Yes	No	No
SLC9A1	Yes	No	No	No
SLC9A3	Yes	No	No	No
SLC9B1P1	Yes	No	No	No
SLCO3A1	No	No	Yes	No
SLIT2	No	No	Yes	No
SLIT3	Yes	No	No	No
SLITRK3	No	No	Yes	No
SLMAP	Yes	Yes	Yes	No
SLMO2	No	Yes	No	No
SLN	Yes	No	No	No
SLU7	No	Yes	No	No
SLX4IP	Yes	Yes	Yes	No
SMAD2	Yes	No	No	No
SMAP1	Yes	No	No	No
SMARCD2	Yes	Yes	Yes	No
SMC5	Yes	Yes	Yes	No
SMCR7	Yes	Yes	Yes	No
SMIM19	No	Yes	No	No
SMIM4	No	No	Yes	No
SMO	No	No	Yes	No
SMOC2	Yes	Yes	No	No
SMUG1	Yes	No	No	No
SMYD2	Yes	Yes	Yes	No
SNAP25	No	No	Yes	No
SNAP91	Yes	Yes	Yes	No
SNAPIN	No	Yes	No	No
SNCA	Yes	No	Yes	No
SNCB	Yes	No	No	No
SNPH	No	Yes	No	No
SNRPA	Yes	No	No	No
SNTB1	No	No	Yes	No
SNTG1	Yes	No	No	No
SNX10	Yes	No	No	No
SNX18	Yes	No	Yes	No
SNX20	Yes	No	No	No
SNX22	No	No	Yes	No
SNX24	Yes	No	No	No
SNX27	Yes	No	No	No
SNX3	Yes	Yes	Yes	No
SNX32	Yes	No	No	No
SOBP	No	No	Yes	No
SOCS1	Yes	No	No	Yes
SOCS2	Yes	No	No	No
SOCS7	No	No	Yes	No
SORBS3	Yes	No	No	No
SORCS2	Yes	No	No	No
SORT1	Yes	No	No	No
SOX1	Yes	No	No	Yes
SOX11	Yes	Yes	Yes	Yes
SOX13	Yes	No	No	No
SOX14	Yes	Yes	Yes	No
SOX17	Yes	No	No	No
SOX2	Yes	Yes	Yes	No
SOX21	Yes	Yes	Yes	No
SOX6	Yes	Yes	Yes	Yes
SOX7	No	No	No	Yes
SOX9	No	No	Yes	Yes
SP2	No	No	Yes	No
SP5	Yes	No	No	No
SP8	Yes	No	No	No
SPACA7	Yes	No	No	Yes
SPAG6	Yes	No	Yes	No
SPAG8	Yes	No	No	No
SPATA19	Yes	Yes	Yes	No
SPATA2	Yes	No	No	No
SPATA25	No	No	Yes	No
SPATA32	Yes	No	No	No
SPDYA	No	No	Yes	No
SPEF1	Yes	No	No	No
SPEN	Yes	Yes	Yes	No
SPG7	No	Yes	Yes	No
SPHAR	No	Yes	No	No
SPHK1	Yes	Yes	Yes	No
SPICE1	No	No	Yes	No
SPIDR	Yes	Yes	Yes	No
SPINK8	Yes	No	No	No
SPINT1	Yes	No	No	No
SPN	Yes	Yes	Yes	No
SPOCD1	No	Yes	No	No
SPOCK3	No	No	Yes	Yes
SPON2	Yes	No	No	No
SPRN	Yes	No	No	No
SPRR1B	Yes	No	No	No
SPRR2B	Yes	No	No	No
SPRR2E	Yes	No	No	No
SPRR2G	Yes	No	No	No
SPRR3	Yes	No	No	No
SPRTN	No	No	Yes	No
SPSB1	Yes	Yes	No	No
SQSTM1	No	Yes	No	No
SRC	Yes	Yes	Yes	No
SRCIN1	Yes	Yes	Yes	No
SREBF1	Yes	No	Yes	Yes
SREBF2	No	Yes	No	No
SRI	No	Yes	No	No
SRM	Yes	No	No	No
SRP14	Yes	No	No	No
SRRM2	No	Yes	Yes	No
SRRM4	Yes	No	No	Yes
SRSF12	Yes	No	No	No
SRSF7	No	Yes	No	No
SRXN1	Yes	No	No	No
SSBP3	No	No	Yes	No
SSBP4	Yes	Yes	Yes	No
SSNA1	No	Yes	No	No
SSTR1	Yes	No	No	No
SSTR2	Yes	No	No	No
SSTR4	Yes	Yes	No	No
ST18	Yes	No	No	No
ST3GAL4	Yes	No	No	No
ST3GAL5	Yes	Yes	Yes	No
ST6GAL1	No	No	Yes	No
ST8SIA1	No	Yes	No	No
ST8SIA2	No	No	Yes	No
ST8SIA3	Yes	No	No	No
ST8SIA5	Yes	Yes	Yes	No
STAB2	No	No	Yes	No
STAC2	Yes	No	No	No
STAT1	No	Yes	No	No
STH	Yes	No	No	No
STK10	Yes	No	No	No
STK17A	Yes	No	Yes	No
STK17B	No	Yes	No	No
STK32B	No	Yes	No	No
STMN2	No	No	Yes	No
STMN3	Yes	No	No	No
STPG1	No	No	Yes	No
STRN	No	Yes	No	No
STUB1	Yes	Yes	Yes	No
STX16	No	No	Yes	No
STX16-NPEPL1	No	No	Yes	No
STX18	No	No	Yes	No
STX2	Yes	No	No	No
STX6	No	Yes	No	No
STX8	Yes	No	No	No
STXBP5L	Yes	No	No	No
SUDS3	Yes	No	No	Yes
SULT1A4	Yes	Yes	Yes	No
SUMO1	No	No	Yes	Yes
SUN2	Yes	No	No	No
SURF1	No	Yes	No	No
SURF2	No	Yes	No	No
SURF4	No	Yes	No	No
SUV420H1	No	No	Yes	No
SUV420H2	Yes	Yes	Yes	No
SV2C	No	No	Yes	No
SVIL	No	Yes	No	No
SYCE1	Yes	Yes	Yes	No
SYCE1L	Yes	No	No	No
SYCP2	Yes	No	No	No
SYNC	Yes	No	No	No
SYNDIG1	Yes	No	No	Yes
SYNE1	Yes	No	No	No
SYPL1	No	Yes	No	No
SYPL2	Yes	No	No	No
SYT14	No	Yes	No	No
SYT17	Yes	Yes	No	No
SYT2	Yes	No	No	No
SYT3	Yes	No	No	No
SYT7	Yes	Yes	Yes	No
SYTL3	Yes	No	No	No
T	Yes	No	No	No
TAC1	Yes	No	No	No
TACC1	No	No	No	Yes
TACSTD2	Yes	No	No	No
TADA2B	Yes	Yes	Yes	No
TAF3	Yes	Yes	Yes	No
TAF4	Yes	No	Yes	No
TAF4B	Yes	Yes	No	No
TAF8	Yes	Yes	No	No
TALDO1	Yes	Yes	Yes	No
TAMM41	No	No	Yes	No
TANGO6	Yes	No	No	No
TARBP1	No	Yes	No	No
TARBP2	Yes	No	No	No
TARS	No	No	No	Yes
TBC1D1	Yes	No	No	No
TBC1D14	Yes	Yes	Yes	No
TBC1D16	No	Yes	No	No
TBC1D2B	No	No	No	Yes
TBC1D30	No	No	Yes	No
TBC1D31	Yes	No	No	No
TBC1D4	Yes	No	No	No
TBC1D5	No	Yes	No	No
TBC1D7	Yes	Yes	Yes	No
TBCC	No	Yes	No	No
TBCK	No	No	Yes	No
TBL1X	Yes	No	No	No
TBX15	No	No	Yes	No
TBX18	Yes	Yes	Yes	No
TBX19	Yes	Yes	Yes	No
TBX2	Yes	Yes	Yes	No
TBX20	Yes	No	No	No
TBX21	Yes	No	No	No
TBX3	Yes	No	No	No
TBX4	Yes	Yes	Yes	No
TBX5	Yes	No	No	No
TC2N	Yes	No	No	No
TCAIM	No	No	Yes	No
TCEA1	Yes	Yes	Yes	No
TCEB2	No	No	Yes	No
TCERG1	Yes	No	No	No
TCF12	No	No	Yes	No
TCF20	Yes	Yes	Yes	No
TCF21	Yes	No	No	No
TCF24	No	Yes	Yes	No
TCF7	Yes	Yes	Yes	No
TCF7L1	No	No	Yes	No
TCF7L2	Yes	No	No	No
TCHH	No	Yes	No	No
TCHHL1	Yes	Yes	No	No
TCIRG1	No	Yes	No	No
TCL1A	Yes	No	No	No
TDRD10	No	Yes	No	No
TDRD6	No	No	Yes	No
TEAD1	No	No	Yes	No
TEF	No	Yes	No	No
TENC1	Yes	No	No	No
TENM2	No	No	Yes	No
TENM3	Yes	No	No	No
TERF1	Yes	No	No	No
TESC	Yes	Yes	No	No
TESK1	No	Yes	No	No
TET3	Yes	Yes	Yes	No
TEX2	Yes	Yes	Yes	No
TEX29	Yes	No	No	No
TEX37	Yes	No	No	No
TEX40	Yes	No	No	No
TFAP2A	Yes	Yes	Yes	No
TFAP2B	Yes	Yes	No	No
TFAP2C	Yes	Yes	Yes	No
TFAP2D	Yes	No	No	No
TFAP2E	No	Yes	No	No
TFEB	No	No	Yes	No
TFF3	No	No	Yes	No
TFRC	Yes	Yes	Yes	No
TGFB1	No	Yes	No	No
TGFBR1	No	No	Yes	No
TGFBR2	Yes	No	No	No
TGFBR3	Yes	No	No	No
TGIF1	Yes	No	No	No
TGS1	Yes	No	No	No
TH	No	Yes	No	No
THAP4	Yes	No	No	No
THAP7	Yes	No	No	No
THBD	Yes	Yes	No	No
THBS2	Yes	No	No	No
THBS4	No	No	Yes	No
THNSL2	Yes	No	No	No
THPO	Yes	Yes	Yes	No
THRB	No	Yes	Yes	No
THSD4	Yes	No	No	No
THSD7A	No	No	Yes	No
THSD7B	Yes	No	No	Yes
TIAF1	Yes	No	No	Yes
TIGD2	Yes	No	No	No
TIGD5	Yes	Yes	Yes	No
TIMMDC1	No	Yes	No	No
TIMP4	No	No	Yes	No
TINAGL1	Yes	No	No	No
TLDC1	Yes	No	No	No
TLE1	No	Yes	No	No
TLE4	No	No	Yes	No
TLX1	Yes	No	Yes	Yes
TLX2	Yes	No	No	No
TLX3	Yes	Yes	Yes	No
TMC6	Yes	No	No	No
TMC8	Yes	No	No	No
TMCC2	Yes	No	No	No
TMCO5A	Yes	Yes	Yes	Yes
TMEFF2	No	No	No	Yes
TMEM104	No	Yes	No	No
TMEM105	Yes	Yes	Yes	No
TMEM109	Yes	No	No	No
TMEM114	Yes	No	No	No
TMEM115	Yes	No	No	No
TMEM120B	Yes	No	No	No
TMEM121	Yes	No	No	No
TMEM130	Yes	No	No	No
TMEM132A	Yes	Yes	Yes	No
TMEM132B	Yes	No	No	No
TMEM132C	Yes	No	No	Yes
TMEM132D	Yes	Yes	Yes	No
TMEM158	Yes	Yes	Yes	No
TMEM160	No	Yes	No	No
TMEM161B	Yes	No	Yes	No
TMEM174	Yes	No	No	No
TMEM178B	Yes	No	No	No
TMEM179	Yes	No	No	No
TMEM181	Yes	No	No	No
TMEM184A	Yes	Yes	Yes	No
TMEM200B	Yes	No	No	No
TMEM200C	Yes	Yes	Yes	No
TMEM211	No	No	Yes	No
TMEM229A	Yes	Yes	Yes	No
TMEM229B	Yes	No	Yes	No
TMEM231	No	Yes	No	No
TMEM249	No	Yes	No	No
TMEM253	Yes	No	No	No
TMEM259	No	Yes	Yes	No
TMEM260	Yes	Yes	Yes	No
TMEM30B	Yes	No	No	No
TMEM33	Yes	No	No	No
TMEM37	No	No	Yes	No
TMEM45B	Yes	No	No	No
TMEM53	Yes	No	No	No
TMEM59L	Yes	Yes	Yes	No
TMEM75	No	No	Yes	No
TMEM80	No	No	Yes	Yes
TMEM87A	Yes	No	No	No
TMEM8A	No	Yes	No	No
TMOD1	Yes	No	No	No
TMPRSS2	Yes	No	No	No
TMPRSS4	Yes	No	No	No
TNC	Yes	No	No	No
TNFAIP2	Yes	No	No	No
TNFRSF11A	Yes	Yes	Yes	No
TNFRSF12A	No	Yes	No	No
TNFRSF25	Yes	No	No	No
TNFSF10	Yes	Yes	Yes	No
TNFSF8	Yes	No	No	No
TNK2	Yes	Yes	Yes	Yes
TNKS	Yes	Yes	Yes	No
TNKS1BP1	Yes	No	No	No
TNRC6B	Yes	No	No	No
TNRC6C	Yes	No	Yes	Yes
TOB2	No	Yes	No	No
TOLLIP	Yes	No	No	No
TOMM6	Yes	No	No	No
TOP2B	Yes	No	No	No
TOPAZ1	No	No	Yes	No
TOR4A	Yes	No	No	No
TOX2	Yes	Yes	Yes	No
TP53I13	No	No	Yes	No
TP53TG3	Yes	No	No	No
TP53TG3B	Yes	No	No	No
TP73	Yes	Yes	Yes	No
TPBGL	Yes	No	No	No
TPGS1	Yes	No	No	No
TPGS2	Yes	No	No	No
TPM1	Yes	No	No	No
TPM4	Yes	No	Yes	No
TPPP2	No	No	Yes	No
TPRA1	Yes	No	No	No
TPRG1L	No	No	Yes	No
TPST1	No	Yes	No	No
TPTE	Yes	No	No	No
TRADD	No	No	Yes	No
TRAF3IP3	Yes	No	No	No
TRAF4	Yes	No	No	Yes
TRAF7	Yes	No	No	No
TRAK1	No	No	Yes	No
TRAPPC12	Yes	No	No	No
TRAPPC2	No	Yes	No	No
TRAPPC3	Yes	No	No	No
TREH	No	No	Yes	Yes
TRIB1	Yes	Yes	No	Yes
TRIM25	Yes	No	No	No
TRIM27	Yes	No	No	Yes
TRIM32	Yes	No	No	No
TRIM33	No	Yes	No	No
TRIM36	Yes	No	Yes	No
TRIM39	No	Yes	No	No
TRIM39-RPP21	No	Yes	No	No
TRIM47	No	Yes	No	No
TRIM67	Yes	Yes	Yes	Yes
TRIM69	Yes	No	No	No
TRIM7	Yes	Yes	Yes	Yes
TRIM71	Yes	No	No	No
TRIM9	No	No	Yes	Yes
TRIO	Yes	No	No	No
TRIOBP	Yes	Yes	Yes	No
TRIQK	No	No	Yes	No
TRMT1	No	No	Yes	No
TRMT44	Yes	No	No	No
TRMT5	Yes	No	No	No
TRMU	No	No	Yes	Yes
TRNP1	Yes	No	No	No
TROVE2	No	Yes	No	No
TRPC3	No	Yes	No	No
TRPC4	Yes	No	No	No
TRPM3	No	No	Yes	No
TRPM6	Yes	No	No	No
TRPV4	No	No	Yes	No
TRUB1	Yes	No	No	No
TSC22D1	Yes	No	No	No
TSGA10	Yes	Yes	Yes	No
TSHZ2	Yes	Yes	No	No
TSHZ3	Yes	No	No	No
TSKU	Yes	No	No	No
TSNARE1	Yes	Yes	Yes	No
TSPAN4	No	No	Yes	No
TSPEAR	Yes	No	No	No
TSPYL1	Yes	No	No	No
TSPYL4	Yes	No	No	No
TSR3	Yes	Yes	Yes	No
TSSK1B	Yes	No	No	No
TSTD2	Yes	Yes	No	No
TTC28	No	No	Yes	No
TTC39A	Yes	No	No	No
TTC9B	Yes	Yes	Yes	No
TTF1	Yes	No	No	No
TTLL11	Yes	No	No	Yes
TTLL12	No	Yes	No	No
TTLL6	No	No	Yes	No
TTLL8	Yes	No	No	No
TTPA	No	No	Yes	No
TTYH3	Yes	No	No	No
TUBA1C	Yes	No	No	No
TUBA3D	Yes	No	No	No
TUBB2B	Yes	No	No	No
TUBB4B	Yes	Yes	Yes	No
TUBB6	No	Yes	No	No
TUSC2	Yes	No	No	No
TWIST2	Yes	No	No	No
TXNDC5	No	Yes	No	No
TXNL1	Yes	No	No	No
TYMP	No	Yes	No	No
UBBP4	Yes	No	No	No
UBC	Yes	Yes	No	No
UBE2D2	No	No	No	Yes
UBE2F	No	Yes	No	No
UBE2F-SCLY	No	Yes	No	No
UBE2H	Yes	No	No	No
UBE2I	Yes	No	No	No
UBE2J1	No	Yes	No	No
UBE2J2	Yes	No	No	No
UBE2O	No	No	Yes	No
UBE2R2	No	Yes	No	No
UBE2V1	No	Yes	No	No
UBE3C	Yes	No	No	No
UBL3	No	No	Yes	No
UBR5	No	No	Yes	No
UCHL3	Yes	No	No	No
UCHL5	No	Yes	No	No
UCK2	Yes	No	Yes	No
UCP2	Yes	Yes	Yes	No
UGGT1	Yes	No	No	No
UGP2	No	Yes	No	No
UGT8	No	No	Yes	No
ULBP1	Yes	No	Yes	No
ULK1	Yes	Yes	Yes	No
ULK4	No	No	Yes	No
UNC13B	Yes	Yes	Yes	Yes
UNC13D	No	No	Yes	No
UNC5D	Yes	Yes	Yes	No
UNC80	Yes	No	No	No
UNCX	Yes	Yes	Yes	No
UNK	No	No	Yes	No
UQCRFS1	Yes	No	No	No
UQCRH	Yes	Yes	No	No
URAD	Yes	No	No	No
URI1	Yes	No	No	No
USF2	No	No	Yes	No
USO1	No	Yes	No	No
USP20	Yes	No	No	No
USP24	No	Yes	No	No
USP31	Yes	No	Yes	No
USP45	No	Yes	No	No
USP48	Yes	Yes	Yes	No
USP6NL	Yes	No	No	No
UTF1	Yes	Yes	Yes	Yes
UVSSA	Yes	No	No	No
VAMP3	Yes	No	No	No
VAPA	No	Yes	No	No
VASH1	Yes	No	No	No
VASN	Yes	Yes	Yes	No
VASP	Yes	No	No	No
VAX1	Yes	No	No	No
VAX2	Yes	Yes	Yes	No
VCAN	No	No	Yes	No
VCPIP1	No	Yes	No	No
VEGFA	No	No	Yes	No
VEPH1	Yes	Yes	Yes	No
VGF	Yes	Yes	No	No
VGLL2	Yes	No	No	No
VGLL4	No	No	Yes	No
VIL1	Yes	No	No	No
VILL	Yes	No	No	No
VIT	No	Yes	No	No
VLDLR	No	No	Yes	No
VMA21	Yes	No	No	No
VOPP1	Yes	No	No	No
VPS13A	Yes	No	No	No
VPS37C	Yes	No	No	No
VPS8	Yes	Yes	Yes	No
VSIG2	Yes	No	No	No
VSNL1	No	No	Yes	No
VSTM2A	Yes	No	No	No
VSTM2B	Yes	Yes	Yes	No
VSX2	Yes	Yes	Yes	No
VWA1	Yes	No	No	Yes
VWA8	Yes	No	No	No
VWC2	No	No	Yes	No
WAPAL	Yes	No	No	No
WARS2	No	No	Yes	No
WBSCR17	Yes	No	Yes	Yes
WDPCP	Yes	Yes	Yes	No
WDR11	No	No	Yes	No
WDR12	No	Yes	No	No
WDR33	No	Yes	No	No
WDR41	Yes	No	No	No
WDR74	No	No	Yes	No
WDR82	No	Yes	No	No
WFIKKN1	Yes	No	No	No
WIF1	No	No	Yes	No
WISP1	No	No	Yes	No
WIZ	Yes	No	No	No
WNT1	Yes	No	No	No
WNT10A	Yes	No	No	No
WNT10B	Yes	No	No	No
WNT11	Yes	No	No	No
WNT2	Yes	Yes	Yes	No
WNT4	No	No	Yes	No
WNT5A	Yes	No	No	No
WNT6	No	Yes	No	No
WNT7A	Yes	No	No	No
WNT7B	Yes	Yes	Yes	No
WNT9A	Yes	Yes	Yes	No
WRAP73	Yes	Yes	Yes	No
WRN	Yes	No	No	No
WRNIP1	Yes	Yes	Yes	No
WSB1	No	No	Yes	No
WSCD1	Yes	No	No	No
WSCD2	Yes	No	No	No
WWC1	Yes	No	No	No
XDH	No	Yes	No	No
XG	Yes	No	No	No
XKR3	No	No	Yes	No
XKR4	Yes	No	No	No
XKR6	Yes	No	No	No
XPR1	No	Yes	No	No
XRCC3	Yes	No	No	No
XRN2	Yes	No	No	No
XXYLT1	No	Yes	No	No
XYLT1	Yes	No	No	No
YKT6	No	Yes	No	No
YME1L1	No	Yes	No	No
YOD1	No	No	Yes	No
YPEL4	No	No	No	Yes
YWHAG	Yes	No	No	No
YWHAQ	No	Yes	Yes	No
ZBP1	No	Yes	No	No
ZBTB14	No	No	Yes	No
ZBTB21	No	Yes	Yes	No
ZBTB43	Yes	Yes	Yes	No
ZBTB47	No	No	Yes	No
ZBTB48	No	No	Yes	No
ZBTB5	No	No	Yes	No
ZBTB7A	Yes	Yes	No	No
ZBTB7B	Yes	No	No	No
ZBTB7C	Yes	No	Yes	No
ZC3H12B	Yes	No	No	No
ZC3H14	Yes	No	No	No
ZC3H4	Yes	No	No	No
ZC3H8	No	Yes	No	No
ZC4H2	Yes	No	No	No
ZCCHC14	Yes	No	No	No
ZCCHC2	Yes	Yes	Yes	No
ZCCHC24	Yes	No	No	No
ZCCHC6	Yes	Yes	Yes	No
ZDHHC18	No	Yes	No	No
ZDHHC21	No	No	Yes	No
ZDHHC22	No	No	Yes	No
ZEB1	No	Yes	No	No
ZEB2	Yes	No	No	No
ZFAND2A	Yes	No	No	No
ZFHX3	Yes	No	Yes	Yes
ZFHX4	Yes	No	No	No
ZFP36L1	Yes	No	Yes	No
ZFP37	Yes	No	No	No
ZFR	No	Yes	Yes	No
ZFYVE21	Yes	No	No	No
ZFYVE27	Yes	Yes	Yes	No
ZFYVE28	No	Yes	No	No
ZGLP1	Yes	No	No	No
ZHX1	Yes	Yes	No	No
ZIC1	Yes	No	No	No
ZIC2	No	No	No	Yes
ZIC4	Yes	Yes	Yes	No
ZIC5	Yes	No	Yes	No
ZKSCAN2	Yes	Yes	Yes	No
ZMIZ1	Yes	No	No	No
ZMPSTE24	Yes	Yes	Yes	No
ZMYM1	No	No	Yes	No
ZMYM2	Yes	No	No	No
ZMYND8	Yes	No	No	No
ZNF131	Yes	Yes	Yes	No
ZNF175	Yes	No	No	No
ZNF217	Yes	Yes	No	No
ZNF219	Yes	No	No	No
ZNF236	Yes	No	No	No
ZNF254	Yes	No	No	No
ZNF263	No	Yes	No	No
ZNF267	Yes	No	No	No
ZNF281	Yes	Yes	Yes	Yes
ZNF32	Yes	Yes	Yes	No
ZNF322	Yes	No	No	No
ZNF326	Yes	Yes	Yes	No
ZNF337	No	Yes	No	No
ZNF33B	Yes	No	No	No
ZNF385A	Yes	No	No	No
ZNF407	No	Yes	No	No
ZNF423	Yes	Yes	Yes	No
ZNF438	No	Yes	No	No
ZNF462	Yes	No	No	No
ZNF467	Yes	No	No	No
ZNF479	Yes	No	No	No
ZNF484	Yes	No	No	No
ZNF486	Yes	No	No	No
ZNF487	Yes	No	No	No
ZNF496	No	No	Yes	No
ZNF500	Yes	No	No	No
ZNF503	Yes	Yes	Yes	Yes
ZNF507	Yes	No	No	No
ZNF511	Yes	Yes	Yes	No
ZNF512B	Yes	No	No	Yes
ZNF521	No	No	Yes	No
ZNF536	Yes	No	No	No
ZNF541	Yes	Yes	Yes	No
ZNF599	Yes	No	No	No
ZNF606	Yes	No	No	No
ZNF644	Yes	Yes	Yes	No
ZNF648	Yes	No	No	No
ZNF672	Yes	No	No	No
ZNF679	Yes	No	No	No
ZNF687	No	Yes	No	No
ZNF7	No	No	Yes	No
ZNF705G	Yes	No	No	No
ZNF710	Yes	No	No	No
ZNF716	No	Yes	No	No
ZNF720	Yes	No	No	No
ZNF727	Yes	No	No	No
ZNF737	Yes	No	No	No
ZNF75A	No	Yes	No	No
ZNF775	Yes	Yes	Yes	No
ZNF777	No	No	Yes	No
ZNF827	Yes	No	No	No
ZNF839	Yes	No	No	No
ZNRD1	Yes	Yes	Yes	No
ZNRF1	Yes	No	No	No
ZNRF2	Yes	No	No	No
ZP4	Yes	No	Yes	No
ZSCAN2	No	Yes	Yes	No
ZSWIM4	Yes	Yes	Yes	No
